evaluation,messageId,timestamp
positive,36e1f420-9ba9-4737-ba16-b0bc974ca5f7,2025-03-26T03:03:38.633848
positive,36e1f420-9ba9-4737-ba16-b0bc974ca5f7,2025-03-26T03:03:38.893659
positive,12fd5b0a-f5d2-4b4e-ad24-f02c1b07dd89,2025-04-09T19:33:44.597211
positive,0663cb18-6629-43d3-959b-a2135a0716b0,2025-03-27T17:02:25.485137
positive,f741a311-6768-44f8-b8dc-4ecfc83c9b59,2025-04-19T16:50:28.809423
positive,94b31b0f-3340-4e60-90db-e6b6d1f0e46f,2025-03-29T01:40:31.011716
negative,157ff277-6785-46ab-84ed-58a3a4757dfc,2025-04-08T19:17:47.079195
positive,f54442d8-bee0-4aac-9e1d-1fbcea3f47d6,2025-05-08T04:33:49.082614
positive,851fb20f-ade1-4ca3-868c-76c4271eb067,2025-04-01T18:35:46.338664
positive,07c5d440-ca0f-4a8f-9e35-3e44973e487b,2025-04-02T21:30:01.991335
positive,d5ba3f1e-c9a8-41df-a63e-1a1e6ad40d29,2025-05-04T03:02:41.207123
positive,d4c365f6-ac55-49cf-bc04-d57922ef0861,2025-04-01T17:32:23.862058
positive,37d80b22-dfd7-4e0b-a8a6-20bd3098d1b2,2025-04-23T04:05:36.003583
negative,5fd63e6b-d818-47f9-addf-3e0cf81451e9,2025-04-06T23:56:52.327188
positive,f36876d5-48bd-46ea-8711-8f7418d3cdd7,2025-04-30T14:06:01.873872
positive,47aa6685-5dda-4844-85dc-9f581a88fb54,2025-05-07T10:56:34.112781
positive,a07e88f5-3cf4-4eb6-a614-1c81879d97ec,2025-04-24T16:52:06.996114
positive,a07e88f5-3cf4-4eb6-a614-1c81879d97ec,2025-04-24T16:52:07.400790
positive,88110f42-532d-43bd-af4c-f92e4ecea467,2025-04-16T22:28:32.685119
negative,c635d4a4-acc7-48fe-81d2-d437302c0525,2025-04-15T14:02:51.090732
positive,c6e4d1b2-68c8-401a-ade0-c23a0d5e995b,2025-05-02T16:31:42.690028
positive,291874c1-ff18-4fd7-a629-ed8a7abb19b3,2025-03-25T01:29:42.825765
positive,b540082c-9490-4e80-a800-2486ee91ff36,2025-04-22T18:18:13.907923
positive,0d12c14a-58e1-4ae9-8298-e7c16e918cff,2025-04-07T02:52:54.962459
positive,5d9aaa35-a362-4cb7-afcf-e3ca1eb8feec,2025-03-25T00:37:02.762307
positive,ff726c02-04d3-45e2-bd23-5634f358a9f7,2025-04-09T03:20:39.430204
positive,b37aa272-c298-48b4-938d-02483c5e6a71,2025-04-03T23:55:56.247185
positive,873503b8-e266-414c-a989-289f507069ab,2025-03-24T14:59:20.673869
positive,6115e5f7-67e1-482e-8d44-6ed8fa5bde71,2025-03-31T12:52:14.849163
positive,17e10f2c-ee07-49d0-a65e-56c46ca7a4cb,2025-04-11T02:25:49.706819
positive,df560cdf-d0bf-49af-b578-a46006ca8447,2025-04-16T12:59:12.079679
positive,d9ea0ce3-a6e8-4366-8152-1a333fc6f39d,2025-04-12T00:14:20.609254
positive,d9ea0ce3-a6e8-4366-8152-1a333fc6f39d,2025-04-12T00:14:21.064602
positive,5ca94b12-cbab-4a89-a16b-f01c9438636f,2025-03-27T23:55:45.947576
positive,c0fa4a45-d7ab-48c9-a423-4785578b17e1,2025-05-05T02:20:56.734600
positive,c0fa4a45-d7ab-48c9-a423-4785578b17e1,2025-05-05T02:20:57.316910
positive,7a0d73dd-1d3f-4a58-8b95-021663ffe616,2025-04-21T01:01:04.318308
positive,db39a580-d7fd-4474-bc1a-f7a43613320a,2025-04-25T16:38:21.353867
positive,a430e2ab-9439-4175-9841-db0563a51137,2025-03-28T18:13:23.497007
positive,d5355fda-c61f-433f-81e2-cfb85fa00602,2025-03-24T22:55:22.634890
positive,c90ff4cc-e96a-428e-a4f5-20caddde33a0,2025-04-12T23:09:43.087853
positive,c6fa6275-7a8c-4ae4-8a8d-2a772245ffd0,2025-03-27T00:37:18.496829
positive,12e99a9a-7318-417c-9ff6-6e7852b2a162,2025-04-14T02:30:00.379339
positive,12e99a9a-7318-417c-9ff6-6e7852b2a162,2025-04-14T02:30:01.021411
positive,ffbd097f-74a4-4b9a-896f-52deaab7cb7a,2025-03-31T15:57:23.454988
positive,020ccfd4-47d7-4369-8f29-9b7dffcb8201,2025-03-28T14:47:21.164926
positive,81ef3bd8-9f87-4906-9463-8ada805f32a1,2025-03-25T17:19:04.267008
positive,73df3028-134f-4789-ac08-24e97c1abbae,2025-04-15T23:40:21.702886
positive,2c421d99-1326-48aa-a624-406142ca4b57,2025-04-02T21:58:55.675665
positive,9c3dad9e-e344-444a-9d12-3d9b72367a0b,2025-04-15T15:03:44.944870
positive,34358c24-7d78-4507-8e54-8fe175b5be6e,2025-03-26T18:12:51.595307
positive,23009109-412d-4a63-85da-28bd5b0a2582,2025-03-25T04:26:02.234521
positive,829bc164-7739-4d86-b2e4-0742bde22388,2025-04-26T12:54:50.109397
positive,bf9a47ae-7a92-4e9d-a9d5-7c8d64ff4579,2025-04-14T21:23:56.882191
negative,333e63d2-6a70-4b2b-896b-c2cef0c2b9d6,2025-03-30T00:38:12.923734
positive,f85556c6-d7f2-4234-b6e1-9786fba0a4a6,2025-04-18T00:56:12.077102
positive,6ad12219-3fa2-490a-94db-31e4dd726147,2025-03-26T18:57:15.957615
positive,bf16ecf2-0e0a-416c-9700-7b8d59d52dca,2025-05-11T19:35:34.333737
positive,a67e5824-70ad-48f6-b0b6-21adf914e1f9,2025-04-07T01:01:05.937104
negative,98d884a8-f083-4967-9c0c-2969f0eaeec7,2025-04-23T03:16:00.975970
positive,b30137be-0d8b-4b87-9aa7-67ec7839dd6a,2025-04-09T02:45:46.508165
positive,cc0a7fde-fa4b-4d0b-b8f9-13799736446c,2025-04-05T14:50:55.753588
positive,cc0a7fde-fa4b-4d0b-b8f9-13799736446c,2025-04-05T14:50:55.768472
positive,3daa6fb0-de0f-4259-8745-a515188933c0,2025-05-05T20:06:51.309082
positive,d67b6ea0-e3e5-4f9a-a815-878df3e38d2d,2025-05-07T17:22:12.349832
positive,05ddadf8-d2a8-454c-a957-5a500dc3b309,2025-03-25T02:13:14.467493
positive,bc45f49a-be9e-4df6-b40f-c664a991f2ec,2025-03-31T17:04:44.423064
positive,4ca6966a-4c21-4b55-9be7-8729003dfc95,2025-03-25T01:05:42.095745
positive,41f90e45-225a-424a-a6bc-a19c379a0c3e,2025-04-03T14:17:48.703122
positive,00414783-c2f8-4e23-999f-69bdc345c796,2025-03-24T17:06:36.267581
positive,a0358f1d-86e1-4dae-aa19-fdc536e909b8,2025-03-26T20:29:10.135159
positive,7c44f8de-d013-4ee0-b6c2-a0ad209e0ff4,2025-03-25T22:54:33.133149
positive,29ebf3b2-0056-4f21-9f82-1e85efed28a1,2025-05-12T15:46:29.497001
positive,6421ac5e-a6f9-4d8a-8fba-5c2dae7e7cc9,2025-05-12T20:58:56.463627
positive,df09035e-654e-4769-a74a-599bd988eac2,2025-05-12T00:15:06.937842
negative,c1c98906-215d-4957-b1c1-77eafc639e83,2025-04-14T00:57:51.243282
positive,60686e83-6f59-4601-a68a-8ed9fd05e8fa,2025-03-25T20:34:16.713846
positive,8f505011-7547-4d4d-ab37-4e78c2184950,2025-03-24T14:23:31.329612
positive,96d1f5e2-0600-4484-8ed2-351bf62976e7,2025-04-06T15:45:34.028068
positive,653e3842-a60b-4549-8f33-80eea84b57e5,2025-03-24T20:30:22.026121
positive,7b5cd8be-c7da-41ea-a71b-fb18c5567821,2025-04-03T22:18:13.982448
positive,e321e386-de4d-41f2-9d66-5bf86f19af22,2025-05-12T00:47:48.398354
positive,1d964488-975b-4b20-ad2f-a3abd6d0c702,2025-04-04T15:20:44.361981
positive,8c768f31-6050-46d6-a330-667d7a78f55c,2025-04-14T14:38:27.222031
positive,52e0643b-354c-4510-844f-c412077db928,2025-04-26T01:26:42.548229
positive,ce0953d9-3854-496b-a6e2-d7913f911d2e,2025-03-24T13:00:33.881037
negative,b3f7123a-14c7-47e8-a764-79ae337d064e,2025-04-10T23:40:22.178602
positive,6a745bd7-713a-44c3-967c-5af6fd7ee6b0,2025-04-02T23:23:59.855655
positive,f2467c8b-fd8c-4335-8b64-a2aa91c31f79,2025-03-29T04:54:11.398533
positive,a10ca18c-cb77-45c9-86b7-28740295c60d,2025-04-21T01:04:16.753465
positive,9ad4377c-71f4-4762-a2be-e11443dcbe54,2025-05-03T19:57:07.862618
negative,604168a0-4253-4512-bfea-ba434af4f490,2025-04-08T15:21:22.427976
positive,0a9b745e-b27d-4bad-b9ad-cdfa67e8cb6d,2025-05-04T21:17:06.758412
positive,2b3c1ddb-e842-4838-ad31-c63a3d51fdcb,2025-03-31T01:25:59.715626
negative,d05e5c6c-d5da-4341-ba95-e6e826602f23,2025-03-25T23:12:10.838718
positive,ef92ca2f-1644-4a75-843a-d38db9155370,2025-04-07T18:00:53.081116
positive,37c0974d-e050-48d6-a0b9-6fb500d03f65,2025-04-13T23:42:46.022982
positive,a041ad47-203b-4a56-a775-0f9290c74f48,2025-03-26T12:48:35.605661
positive,77c88452-3a22-4538-b524-23beac6c3901,2025-05-08T15:29:58.540800
positive,cd0f2912-72fb-4f9d-8a43-c545fae88c07,2025-03-27T03:38:03.368285
positive,2e9a1bfb-496b-4161-83dc-6e5d2923ee4d,2025-03-24T21:00:11.212507
negative,43f83944-1410-400e-a25a-9a25e2c58345,2025-03-27T23:20:27.841927
positive,ff56f526-9b5d-4ae5-b468-51548138cbc9,2025-03-29T20:50:20.652267
positive,919662d8-191e-4c5d-b606-5e0a1219ed32,2025-05-02T22:11:49.410866
negative,312d8901-f943-495d-8b12-9b8c7f4dd7b4,2025-04-08T00:52:49.309954
positive,c97dc847-42fa-4275-a1fd-4396ac9de64d,2025-03-25T01:05:44.919898
negative,c97dc847-42fa-4275-a1fd-4396ac9de64d,2025-03-25T01:05:50.123228
positive,c97dc847-42fa-4275-a1fd-4396ac9de64d,2025-03-25T01:05:52.356049
positive,7d22a8ee-2046-4a88-b8e9-1b3beb0c2195,2025-03-26T03:39:25.553899
positive,c437bb91-7071-4a9a-8e69-bf6b06875245,2025-04-03T10:57:59.840197
positive,ac212918-c00a-4670-8500-6e6d0574f185,2025-04-02T19:19:55.985416
positive,dfa6a525-36b9-4f56-9a5d-1826f5f1ed4c,2025-03-25T12:37:59.243212
positive,7a0d1c87-cbbd-4a94-9e60-a1f8195e4d2a,2025-04-22T21:19:14.392475
positive,fd329686-ab84-4bf8-b698-11d91e23e016,2025-04-30T02:58:14.306939
positive,c6cdb90f-fa67-4a98-abdf-5fb484d17214,2025-03-24T14:35:11.651310
negative,8a22c144-3cb7-4129-9d04-fff1ccd14025,2025-04-03T23:49:42.021541
positive,f7a9f3a1-d689-4f63-a5f2-f15310b50c47,2025-03-25T01:12:52.218379
negative,8969b155-d5b1-41ae-9f63-ae3558560b5c,2025-03-25T23:10:02.076292
positive,36caf3d8-673f-46a3-830c-df95ab9653c7,2025-03-24T15:34:16.281291
positive,99d14567-203d-43c1-9b71-0ac33b0471d1,2025-04-03T21:17:19.742222
positive,633337d2-0616-4a76-a700-501ccb29352d,2025-03-29T17:18:18.538365
positive,940eaa14-0f19-4841-8c70-7e4389383197,2025-03-25T20:56:15.451736
positive,0bd6ec6c-6f9e-4e2b-a311-6ea2c3e78acc,2025-04-08T03:15:50.211968
positive,54fb95b1-ede1-477c-a2af-159635b32ccc,2025-04-26T23:45:12.099042
positive,030df719-3db2-4aad-92e6-44b49b575e2c,2025-04-08T03:35:29.262571
positive,e70bb26f-090a-4004-ab81-a3c801023143,2025-04-23T03:35:14.689972
positive,41f2df23-37c7-4708-b57e-d851d809f4da,2025-04-10T02:15:32.235880
negative,9838ebd9-7435-4690-bb92-f5d889102616,2025-04-02T02:16:43.289442
positive,ac3c546a-6392-4689-8214-3a6219170ecb,2025-03-26T23:21:17.553137
positive,58b424ed-c5a6-48c9-a2b4-7d46f89453cd,2025-03-27T14:15:07.933228
positive,c79ba357-7cba-49ad-81e8-f9fe2c148c61,2025-04-13T17:05:42.344216
negative,fbd450d4-abd4-42a6-9b81-b1a7e5f46e5c,2025-04-03T03:02:09.286190
positive,3bd88216-0260-4ab7-8269-907af12f4745,2025-03-24T12:54:33.609090
positive,01e9bb7d-3ee1-48b0-aac1-658a4ec190f1,2025-04-03T22:50:17.470443
negative,bb6f0e02-cb95-4b49-843b-17205f3d5519,2025-05-12T01:51:34.266433
positive,0a0fe779-6815-4d15-999b-902d40ad6ab2,2025-03-25T17:44:43.655479
positive,0a0fe779-6815-4d15-999b-902d40ad6ab2,2025-03-25T17:44:43.973349
positive,d299eb2f-6662-402f-b16b-2b7b7cefd4fa,2025-03-25T01:43:37.563528
positive,6a5bdd9b-18b0-40bf-bc7d-178d9e879522,2025-03-26T21:01:40.377130
positive,d42ca2c0-d038-4bba-9285-c9245288943a,2025-04-10T18:44:01.532335
positive,d42ca2c0-d038-4bba-9285-c9245288943a,2025-04-10T18:44:01.807359
positive,26147dfe-5198-411d-b1d5-43c95c64fcdb,2025-03-26T16:08:11.353919
positive,7c601e67-78e6-4354-9f38-58441cea17db,2025-04-07T00:45:50.585876
positive,431e4a54-86a7-4a8c-b645-52a3f0b48d6f,2025-04-25T20:31:12.044795
positive,71314532-ac94-495d-ad2a-f0462393297a,2025-04-05T00:53:52.103178
positive,51d098ef-1abe-4e47-981d-78d3923b410c,2025-04-11T21:41:32.982758
positive,51d098ef-1abe-4e47-981d-78d3923b410c,2025-04-11T21:41:33.559849
positive,51d098ef-1abe-4e47-981d-78d3923b410c,2025-04-11T21:41:33.989880
positive,666294dc-1c76-4e1f-9af1-3da6298cac71,2025-04-15T03:41:30.727036
positive,8c5f2558-0621-4505-ab6f-9a1dd97fa50b,2025-03-31T17:52:20.563752
positive,0fa18724-266e-4f83-9de5-693852533666,2025-04-26T15:40:05.668999
positive,6183af70-c910-49cb-ae92-27d281014a98,2025-03-24T22:14:36.718799
positive,bb75e90a-8319-4f10-8664-12aca3fa78a2,2025-03-31T22:59:40.685206
negative,cb5ef528-35c7-481f-8eff-f7678ef2e573,2025-03-31T22:24:33.595292
negative,cb5ef528-35c7-481f-8eff-f7678ef2e573,2025-03-31T22:24:33.902954
negative,cb5ef528-35c7-481f-8eff-f7678ef2e573,2025-03-31T22:24:34.015951
positive,069b3eb3-0497-4ded-8250-5e7e3f3212d7,2025-04-08T23:28:59.466787
positive,069b3eb3-0497-4ded-8250-5e7e3f3212d7,2025-04-08T23:28:59.498752
positive,069b3eb3-0497-4ded-8250-5e7e3f3212d7,2025-04-08T23:28:59.767977
positive,7a6e1621-2493-455f-9ea4-fd7b7e475dc2,2025-05-06T17:59:14.927577
positive,f00fbf0e-e972-4b85-95c4-0c11e788fa32,2025-04-14T02:01:47.582698
negative,89bbb79f-70c1-4e36-87b9-bafcad1cf42e,2025-04-03T01:31:34.678409
positive,80031f44-7c89-4db0-94de-2a6a2ce7e54e,2025-04-05T01:02:26.002031
negative,19587701-f34f-4710-9b51-ac38011856ae,2025-04-15T00:35:24.501546
positive,6adc72ae-5a5c-464b-acb5-c7926a854b05,2025-03-24T23:58:09.406350
positive,ca782f62-badf-46ca-88b1-3d9f0d7c9130,2025-04-02T22:22:49.189026
positive,ca782f62-badf-46ca-88b1-3d9f0d7c9130,2025-04-02T22:22:49.621983
positive,6b7f5241-e3a2-4978-b60a-12066f2c6617,2025-04-04T18:32:05.081433
positive,38e6f1bb-5525-4c23-b0bb-7a1de4c1be24,2025-04-07T19:06:55.870193
positive,81c43024-9b82-4c95-be00-3e0ab57b5d83,2025-04-26T18:07:49.847352
positive,5c5d3818-1f09-468b-a5d9-d91d48b6493f,2025-05-11T15:50:53.355860
positive,5c5d3818-1f09-468b-a5d9-d91d48b6493f,2025-05-11T15:50:53.489706
positive,306b8009-0b72-476e-aed9-a57f0fb468d7,2025-03-26T01:53:25.433278
positive,4d3c418e-98e2-4eb6-8390-d5c2d290a9ff,2025-03-24T22:33:34.768438
negative,d85b1137-24d0-4823-ba87-08615ce4859b,2025-03-24T16:04:28.386960
negative,fe547e14-9d9b-4610-8e9f-1ea77fb801a3,2025-04-22T22:55:18.951876
positive,824b7d51-1587-4d27-961c-a8226294100b,2025-05-11T05:12:07.048398
positive,824b7d51-1587-4d27-961c-a8226294100b,2025-05-11T05:12:07.338078
negative,67461a52-2b17-485d-909c-f6026e212104,2025-04-23T17:18:06.193890
negative,a13de7ed-0301-4c9f-8cb0-9985e599deb8,2025-04-15T00:34:39.415859
positive,a3137436-3b99-4ce4-befa-9894779129f7,2025-04-03T17:37:48.972032
positive,43db648e-90a0-4f6e-b8fb-cdcdbd1f2185,2025-03-28T10:38:11.611079
positive,43db648e-90a0-4f6e-b8fb-cdcdbd1f2185,2025-03-28T10:38:11.839482
positive,43db648e-90a0-4f6e-b8fb-cdcdbd1f2185,2025-03-28T10:38:12.106485
negative,575ed3d6-82b7-492d-b8f1-ad3adc9b868b,2025-03-30T20:52:16.830932
positive,f2dca615-9322-4fbf-be23-ccab2fcb0194,2025-04-28T05:11:15.959267
positive,6c5025ed-52ac-46c4-88d7-f4b53229f345,2025-04-15T02:04:43.038459
positive,48a8c62f-2647-416e-afd8-8966e784df0c,2025-03-24T13:34:11.897967
positive,8e525ee3-b230-4e73-bf01-83c21c5a90b7,2025-04-05T15:46:27.229875
negative,603fb23d-e247-493f-806e-9630909ada6b,2025-05-02T01:42:31.218941
positive,fa099d1b-2036-4def-91c1-280623d67cdf,2025-05-10T01:45:25.642193
positive,fab5d0cb-6367-4141-b0c4-3cd7918f0765,2025-04-11T01:44:01.293845
positive,5984ac10-2dec-4627-98ea-fd798a296dd5,2025-04-04T20:03:30.555689
negative,6f962ce7-2c90-4266-aabe-acf89f970dbc,2025-05-03T02:45:05.161002
positive,d10d6cf8-1a4f-444a-b01a-ecc5d24b60d5,2025-05-07T02:23:37.443434
positive,e30cb75d-3068-4d11-807a-28b8311c87a5,2025-04-14T01:31:16.242253
positive,53772888-afdf-4a36-808b-c15dbda670cc,2025-03-26T09:30:02.702282
positive,3d0fa674-314e-47c3-af0c-50dd8c531276,2025-04-21T00:32:13.870536
negative,a5250bc9-2c57-42d6-9a07-2177de3212d7,2025-04-13T18:39:20.622133
positive,9d6c92be-5305-4ba7-9220-505396a07dd4,2025-05-05T20:18:23.163961
positive,4451822b-47c0-43ca-ad8c-f18df09c42a2,2025-04-17T15:34:41.971053
positive,4451822b-47c0-43ca-ad8c-f18df09c42a2,2025-04-17T15:34:42.305458
positive,f252d51d-6796-4197-b8b5-32af5040e345,2025-03-30T17:51:19.425632
positive,11b4d7f1-9b27-440b-95bb-658e66c60151,2025-03-31T16:06:34.165191
positive,5ff47085-0ba4-476d-9c98-b97d223c9426,2025-03-25T02:02:41.822646
positive,32373fbc-e567-453a-8918-6b65d0994e66,2025-05-07T03:33:58.528647
positive,6b0b2c94-c0ba-467e-911e-42cccbefb734,2025-05-03T00:50:43.465507
positive,1b98f72c-82b7-49d7-839c-684d2b1d3686,2025-03-26T00:57:07.272915
positive,9837dc53-0abf-43e5-9e5b-ef20e3dbd9d6,2025-04-11T00:40:32.614317
positive,9837dc53-0abf-43e5-9e5b-ef20e3dbd9d6,2025-04-11T00:40:32.927537
positive,6f5e80ea-872e-4f12-951a-cc75f92cd915,2025-03-31T23:50:23.225015
positive,124fd6f5-5b48-439c-be6c-65296d10d5c4,2025-04-22T01:47:58.252543
positive,716d0b69-02ef-4918-aa66-beda1e9552f5,2025-03-31T22:07:03.842352
positive,716d0b69-02ef-4918-aa66-beda1e9552f5,2025-03-31T22:07:03.990158
positive,c3524cc8-52a7-4dab-aa5b-cd5416c42140,2025-04-17T02:49:41.743104
positive,8d01a04a-55e1-41e5-969b-9600fd1f8888,2025-03-25T00:07:50.239271
positive,d00b84c8-94dd-4988-b22a-d373c8c004f4,2025-05-05T20:18:34.238402
positive,2b24ad1c-0604-4865-8045-3c9f1e79475e,2025-04-05T02:27:36.647965
positive,2a85bc11-d12c-46e7-a54f-3de04bbd0712,2025-03-24T17:51:04.158003
positive,c7440be3-6855-4720-b595-3b10a247be3f,2025-03-31T13:08:15.409357
positive,af43dee5-2edf-4861-af21-d713235e87f2,2025-03-29T23:01:51.402162
positive,94410972-0bc5-40e0-81cc-94327a7962b6,2025-04-20T04:22:26.191528
positive,f9aaf87d-6740-4a1a-b080-8b562096c930,2025-03-27T15:08:41.028566
negative,a2bc7597-e486-4ed2-81fa-afbe43a57d46,2025-05-09T15:49:38.577958
positive,da6b93c8-db2d-4f1d-a95c-27eb076d0f6b,2025-04-09T02:43:57.092332
positive,aad4b14c-5222-4b52-9d81-3b75f19e50b1,2025-04-15T19:10:44.851438
positive,e54aa88a-5209-4d6a-adf5-06f8db7680c3,2025-05-06T16:33:16.742239
positive,f292e745-aac8-4a11-8fb7-71c3cd9b48bd,2025-04-12T18:35:27.203023
positive,d5913df1-a6e5-474f-a17c-4d085e41f216,2025-04-02T22:34:14.802443
positive,d5913df1-a6e5-474f-a17c-4d085e41f216,2025-04-02T22:34:15.355834
positive,a928e232-0060-4905-b436-96950b080b01,2025-03-24T23:38:34.485522
positive,7ea92831-6de6-42ec-864a-3dffaaa74e65,2025-04-21T02:18:59.981070
negative,3dcc655d-149f-41bd-a569-b7c1caa7a61a,2025-03-24T16:29:09.355640
positive,3f8697d6-5f73-4f07-9fac-8e063f2c26f9,2025-03-24T21:20:35.726799
positive,aa7a1ba1-bc0c-4fa6-85b3-acb4cd61f8ea,2025-04-02T00:13:41.267860
positive,2fe2c4f9-31a6-4bec-81fa-ca75e80346ab,2025-03-26T18:23:07.535953
positive,1f6d6c34-bc2e-4f5a-9cc2-7f7efde678f0,2025-04-22T04:00:23.355337
positive,9b41f611-1f77-44a6-bf24-5a3afa162042,2025-03-25T01:58:20.222899
negative,7154e29f-360d-4e4a-a862-8e7ac6804663,2025-03-25T16:55:08.154653
positive,b61bf996-272c-46fe-b980-c493c7269b46,2025-04-07T19:26:27.595197
positive,bac9efa1-80dc-4108-9dfa-9d854b46e2a4,2025-04-15T23:54:02.306979
positive,82609a37-02a0-4f92-9c64-8673bc9a1276,2025-04-22T02:22:31.505352
positive,099568b6-548f-4b23-a061-866373cc9273,2025-04-16T15:26:13.990253
positive,4c40b357-7c5a-45fa-a7c3-5031d3f3a1ee,2025-04-28T15:59:26.052036
positive,37b99005-27be-4950-a5ba-39d51a9962d3,2025-03-24T11:43:06.571611
positive,120e705b-03cc-493f-a174-2b1c546f582b,2025-04-16T17:25:26.114191
positive,69a1b689-33c3-4a47-9903-553741649cec,2025-03-26T20:48:51.208671
positive,136a6e94-e230-4795-8d62-f3dd8a2b15db,2025-04-13T15:37:30.921386
positive,136a6e94-e230-4795-8d62-f3dd8a2b15db,2025-04-13T15:37:31.381699
positive,f3c6f7a6-49ec-4474-a297-4ff38c427aed,2025-04-11T13:25:34.822778
positive,87ee184f-1e6f-4e7f-8bff-80d407713a71,2025-05-08T01:48:34.762833
positive,408d963e-f851-4662-b900-94656dc5a9d6,2025-03-30T17:37:34.113176
negative,c908905d-4cda-4928-b97e-9708b2bf9ddc,2025-03-25T01:53:37.140492
positive,54bbe4f4-ca72-40ab-bc9b-d3cc4263b6a6,2025-05-11T03:12:06.131432
positive,86ebd717-4802-42e1-a0a9-eba1dc3315fe,2025-04-02T03:28:23.231297
positive,f935b575-1057-4680-8c24-4032ea95af46,2025-04-11T19:21:50.654944
positive,24ef5f63-1240-4f65-9fc5-91cde7bc7276,2025-04-09T13:51:10.308803
positive,bbdddf48-3e1b-4dc5-ae35-4bcff1a74aca,2025-04-11T03:19:34.721388
positive,2c13cf8d-dfc7-496b-be61-35ab3cad8332,2025-03-29T14:51:14.880381
positive,2e22444e-5ad4-4212-ad5f-c8898676af20,2025-04-09T21:03:15.538172
positive,38776e25-5ab9-4f51-9ec6-b53d46ab248f,2025-04-13T23:42:16.894350
positive,e1866757-b02d-4be1-afbf-2a6928d2fce4,2025-04-29T03:26:47.325957
positive,78e0d63f-5fdb-440f-a2e8-c6ac131097fe,2025-04-06T01:12:10.193746
positive,f254dde6-6afa-48ea-abb2-8c23502f56ba,2025-04-02T01:08:36.186319
positive,1339aa9a-273b-4799-98fc-9652170242d8,2025-03-28T11:29:01.444291
positive,c4f66e81-70a9-4a2e-8f64-11e22f2e1ae8,2025-04-14T22:05:06.948210
positive,3e4fc660-8e53-4072-8456-9bfce5c8ecaf,2025-04-14T23:37:58.372649
positive,0b747bfa-83e8-4d25-8a9f-059e8fd97eb1,2025-03-25T23:03:15.532210
positive,38a4be42-a068-4253-997a-92611f7f35cb,2025-04-15T23:40:25.169474
positive,df1ca1bf-d7fe-42a9-a3b1-090ce8e51837,2025-05-05T20:06:48.179343
positive,ca4071f2-def6-4a9f-a0fa-b1e155a07f93,2025-03-24T21:16:55.864556
positive,d49dd12e-0ef0-4942-811c-5dd98d344843,2025-03-31T15:56:22.862692
negative,ef0c6f45-e7cf-4323-b9c3-d94f6ef6bf99,2025-05-07T12:45:34.442536
positive,d19ffce2-82ec-432f-b7d4-cc32fb9e2c2a,2025-03-27T10:54:46.800095
positive,e33456dd-27b5-49ea-97e7-818c3ebe8b07,2025-03-26T02:09:54.840639
positive,e33456dd-27b5-49ea-97e7-818c3ebe8b07,2025-03-26T02:09:54.954574
positive,fe01cf62-461f-4b81-9ad2-c623765eb4d2,2025-05-06T02:01:08.790251
negative,e8bb9c3c-7b52-4bf5-a46a-3ad4cdbd0c7a,2025-03-24T17:00:35.744092
positive,95e313ae-48e4-4c4b-9a53-bf8e1de3a1a9,2025-05-05T16:37:41.031507
positive,d89f9894-fb79-43a0-9cb2-d95e708c4628,2025-05-05T20:18:29.000331
negative,15ed7ec8-6025-40df-8cbf-1ad09b97f868,2025-04-28T22:27:58.380860
positive,9e60a270-4bd8-4c82-9252-194583cd9386,2025-04-01T16:40:42.473466
positive,5f56d881-26c6-4583-a8b4-a8763b157881,2025-05-01T15:39:58.886654
positive,8a32985a-0cb9-4e2c-ba06-8c7155ddf3e1,2025-03-28T00:13:39.497315
positive,b011ac27-15c2-4451-917b-af4e0cf999fb,2025-03-24T15:28:17.234324
positive,501d4636-6748-421a-9faf-5c0c5c7fc604,2025-03-26T00:40:14.559496
positive,81997467-73e6-4edd-9946-e2c4f386396f,2025-03-24T14:26:32.177072
positive,7a383b27-60ea-4cf7-995a-841171d29fab,2025-03-27T13:14:23.576775
positive,7a383b27-60ea-4cf7-995a-841171d29fab,2025-03-27T13:14:23.857682
positive,aa4819c4-545f-4a7a-9b34-14f2f2f39d5e,2025-04-27T07:32:02.525144
positive,aa4819c4-545f-4a7a-9b34-14f2f2f39d5e,2025-04-27T07:32:02.546376
negative,2b9690da-5f66-48df-a330-75ab8f03838e,2025-03-24T19:29:55.600457
positive,ed1a69ec-50f3-48a1-ab92-3e360c687b6d,2025-04-02T16:05:57.120624
positive,894e3586-8abc-4749-b1d6-aaa3429612b1,2025-04-04T03:56:08.392430
positive,7bdcacdb-61f8-4063-8a1f-208f0b70b84b,2025-04-13T15:59:39.827114
positive,f5615aee-17ff-47c0-91da-228c77eddb0f,2025-04-10T23:13:50.839431
positive,f5615aee-17ff-47c0-91da-228c77eddb0f,2025-04-10T23:13:51.568181
positive,f5615aee-17ff-47c0-91da-228c77eddb0f,2025-04-10T23:13:52.889340
positive,9cbddac0-6372-46be-a5ba-630dd19f2658,2025-04-28T21:04:09.080271
positive,9cbddac0-6372-46be-a5ba-630dd19f2658,2025-04-28T21:04:09.401957
positive,3737062a-4fb8-41d8-839e-48e5003dd2c1,2025-04-08T17:14:47.987521
positive,728748de-bb57-4f5d-bb32-633e22b0042a,2025-03-31T23:34:00.053480
negative,a0d4d7a2-ce00-4942-8b5d-08d8806d8563,2025-05-08T03:43:52.015676
positive,39141c74-a0e7-4823-a3d4-427a62a72e09,2025-04-18T03:35:39.292976
positive,d9790b18-2a0f-4ce7-ac36-eeedda9cf2f9,2025-04-16T22:28:06.277006
positive,f5e94108-e8be-4d30-8b33-040e9a29255f,2025-05-05T20:06:55.600177
positive,d2315254-2ef1-41e0-be21-041007707be8,2025-03-24T15:33:32.234028
positive,880e9d1d-815f-4e46-90e8-2b06d707f89a,2025-04-16T03:29:57.259359
positive,08e2b5a2-1a79-4857-8af8-33c9499a09a1,2025-03-28T16:02:06.932706
positive,6fdd166d-3fed-4c9f-b08a-45205e50a395,2025-04-24T18:14:19.855446
positive,c7529e2e-bc06-4dd6-b98f-0ce8f03ccb44,2025-04-26T15:40:49.809114
negative,90ee90e6-f243-4433-9791-b952d9792d4a,2025-04-24T02:15:02.529353
positive,a32d1e62-21cd-49ea-baeb-41787825a645,2025-04-15T03:46:35.364280
positive,80c2a336-db11-4df0-bdb5-a83d18d7f929,2025-04-03T17:11:12.059820
negative,b0de88bc-60d9-46df-9ac1-43c6efbff4ca,2025-04-01T23:38:38.249716
positive,9b0e28bb-ebc8-42f4-9e78-0f2f399c0593,2025-03-24T12:27:22.239374
positive,75399254-706b-4819-abf4-9a3d2e821896,2025-04-15T14:31:32.330081
positive,49bcef06-ae7e-4813-9c44-dd46c75a3ff6,2025-04-12T01:21:01.689980
positive,a40d1dc5-0d1e-4cd8-833d-81f16c00b1ec,2025-03-24T19:52:54.032435
positive,6444a332-40cf-4623-9d1b-3037f297674f,2025-03-24T19:30:04.217336
positive,9f9eca9a-38b7-40d5-8178-16c1f4e3f6d4,2025-03-24T12:25:16.169575
positive,d5c2943c-1997-4fcf-98e4-1e327279aff4,2025-05-05T01:57:09.960154
positive,91489871-91a0-40c3-9da6-19f52e013758,2025-04-09T19:31:57.580220
positive,e8f2e96d-7794-4748-aeff-b059c30d095f,2025-04-01T17:38:11.581697
negative,74f42ce4-ba2d-471d-8f9d-6d5f3b9b02f3,2025-04-07T16:27:54.729720
negative,74f42ce4-ba2d-471d-8f9d-6d5f3b9b02f3,2025-04-07T16:27:55.477399
positive,223d97b8-8a40-4503-bf2d-b06c48c283f7,2025-05-10T19:28:44.478596
negative,376d1cea-4d21-47ce-8e27-41da5e3b11c6,2025-04-22T22:11:53.501370
positive,7670890d-5ce8-4c5d-8c3d-f9070852b8c9,2025-03-24T10:20:15.640294
positive,7fcc19f0-685b-4243-aa07-25ae78e84570,2025-03-24T14:07:20.512086
positive,b406e551-96a2-485d-96bd-9748a714eb7f,2025-04-13T02:25:47.538578
positive,b406e551-96a2-485d-96bd-9748a714eb7f,2025-04-13T02:25:47.569279
positive,b406e551-96a2-485d-96bd-9748a714eb7f,2025-04-13T02:25:47.651867
positive,b406e551-96a2-485d-96bd-9748a714eb7f,2025-04-13T02:25:47.672052
positive,b406e551-96a2-485d-96bd-9748a714eb7f,2025-04-13T02:25:47.701693
positive,b406e551-96a2-485d-96bd-9748a714eb7f,2025-04-13T02:25:47.725166
positive,4e06b803-80eb-4fc4-afa7-f0a7046b18ab,2025-05-11T03:24:41.141926
positive,a6fafd22-2b72-4432-875b-1375aa5d57f8,2025-05-04T16:51:07.769324
positive,71ed15ff-f165-40de-8550-c6e15298d4a0,2025-03-29T12:29:28.540745
positive,0b75e1a4-17bf-4b46-b85c-bfb393d29887,2025-03-30T01:35:23.294445
positive,0b318552-8e39-4608-8494-79d8143bb0b3,2025-04-06T21:48:10.972845
positive,81ce0412-b06f-428d-a613-b33d3675b97e,2025-04-08T01:51:25.991471
positive,120d5f70-8dba-4993-8edd-4afe6ca8983e,2025-04-11T21:55:29.208355
positive,209d6f7f-d5b3-4fa5-a182-aeca559592fd,2025-04-08T01:12:30.434566
positive,04fc2a06-28bf-4a9a-b0cc-7283addc4c65,2025-04-20T01:19:04.742817
positive,76654e52-fddb-4fd7-b2ff-151302568027,2025-05-05T20:20:34.471015
negative,4f034b0f-c83a-4ed7-9894-95d7bf2f8ae8,2025-04-07T17:58:05.434621
negative,4689aa41-e88a-45be-b3f4-1faed683165f,2025-03-25T16:18:16.031029
positive,e7e22711-1cb8-47e3-9d7e-08e900866c25,2025-04-12T01:12:55.810325
negative,152b8f79-af89-46a5-8e47-3be86e1bd728,2025-03-25T14:46:50.146853
negative,d8d2bb39-189c-4787-9030-2738087eb9e9,2025-03-30T22:32:55.163374
positive,73613b3a-022d-4355-a09e-865cbd8b7230,2025-03-26T00:46:20.412116
positive,5961b9dd-0355-4362-b750-e029af33ee11,2025-04-09T03:09:36.353878
positive,b59bcf66-94ac-4b94-b4b7-ad4f79ff9206,2025-03-28T00:42:27.014962
positive,6258e784-975f-4abc-947c-5c61792f5f4f,2025-04-25T04:51:48.225867
positive,a39db427-b47d-4c7c-bd57-d5de25f5d3cc,2025-04-09T23:08:49.921213
positive,507415cd-c37d-4634-ae11-90d277045ec2,2025-05-08T12:33:11.041678
positive,aee80b42-5124-467e-9716-86dbdcded751,2025-04-26T02:25:51.792072
positive,5aa94058-766c-4e8a-aecb-fce9a40518f6,2025-03-25T03:50:32.821568
negative,e20a3028-571a-48de-9a50-11efda14a038,2025-04-15T02:05:13.188856
positive,2e7bc80e-6705-4fcf-9e46-5f9f58827160,2025-03-26T16:08:21.186871
positive,70b7582d-cd46-40ec-a5c0-1bd513ae0c86,2025-04-13T14:25:24.149900
positive,1c43080d-e01d-45d5-af13-44fdb2c1f513,2025-03-26T01:41:06.288362
positive,7141a26e-5640-4555-ae2b-77ad571c9334,2025-04-26T00:30:30.010632
positive,d7228f1e-beb6-4b6b-9299-29f4a3efab38,2025-04-17T16:26:11.773764
negative,12ed60ec-8d21-4189-8245-be892da8fcd8,2025-04-09T23:37:36.857893
positive,650f3fc0-117a-4be9-8002-e5dd076065eb,2025-04-26T16:13:39.327754
positive,0af805eb-2ac4-41a0-b958-c036a2fe1dee,2025-03-28T00:21:14.076443
positive,92d8c8e3-3276-42eb-b84a-784b24127023,2025-05-08T22:00:19.018616
positive,2342ede6-452a-4e88-b632-160029595190,2025-04-13T15:04:17.673877
positive,1340e07b-4510-486f-96a3-1ca39d1a0d27,2025-04-01T01:27:17.567030
positive,2a9e28f7-c789-449b-ac99-834a457e363c,2025-04-01T23:23:36.635872
positive,ab168a6a-9205-44c0-997c-9613dfa90055,2025-05-06T04:39:16.521730
positive,251d9978-341f-4882-bfd8-7b4d8ab59656,2025-04-25T02:05:19.556962
negative,8aea3452-c7c3-4547-93e2-d6ada34116db,2025-04-17T10:42:07.188697
negative,9952fd37-7125-4a76-b722-ba98b5bbcacb,2025-04-07T23:00:42.053591
positive,86657b3a-00be-4a16-a4e7-718a2eea5711,2025-04-08T23:32:35.517656
positive,7c142e23-3213-4e71-9002-1ee642110c8e,2025-05-10T01:05:38.883315
positive,39872332-8912-40f2-800d-6a3f3133694a,2025-04-26T19:56:39.029364
positive,e431560d-86fc-4b3a-acf7-580bd8c7c2ed,2025-05-04T16:51:04.891826
positive,e431560d-86fc-4b3a-acf7-580bd8c7c2ed,2025-05-04T16:51:05.190043
positive,c406b830-3f54-48d3-8fa5-f68a7ba71449,2025-04-01T17:08:44.914387
positive,98f414b7-9a56-4efb-88a6-2bce6bab3383,2025-04-01T13:44:42.507114
negative,b0e0fc50-bdcb-4dc4-99aa-7d6cd7116084,2025-04-01T22:18:01.448903
negative,44915ad3-ad1f-4ff9-862d-88257883fa02,2025-04-03T23:45:23.264559
positive,9e353f71-9c15-4177-a026-f10f7cd69fa4,2025-03-24T20:56:24.111341
negative,05c7b653-f5eb-42e9-9667-47fcff4ddb88,2025-04-12T13:23:58.851316
positive,fbcc739e-c8ee-4129-b820-3d2f0564a5d8,2025-04-01T19:51:02.251857
positive,62e1bbf3-8323-49d8-8392-5ee20e45a720,2025-04-01T18:39:05.638303
negative,f85659b2-48d0-4a64-bf48-dcaac0af93b0,2025-03-28T02:27:38.359022
positive,bd2f82e6-4d3f-4194-9de6-8d84b937d450,2025-05-10T03:12:57.880371
positive,44039d5e-9e19-424c-9d0c-3a2cbc9f54a1,2025-04-23T03:17:10.244440
positive,228e8191-9c8b-42b0-99a2-e365816f924b,2025-03-24T21:16:21.804933
positive,32bb6b74-55e3-4a2c-a105-0f1ec27b5e5c,2025-03-25T00:09:45.714805
positive,2b9ab930-d66d-48b0-a7f5-2dfd6797fd28,2025-04-26T01:35:54.796982
positive,91832b09-676b-4eb4-b1cd-cfaa3e1b7ab3,2025-04-07T13:21:27.929439
positive,e3df4239-c38a-4de1-82b0-c8fac221865c,2025-03-27T15:00:17.357867
positive,40202fcd-b237-4339-99fe-f980d06671e0,2025-04-07T14:54:50.016090
positive,8e3a9ed7-ec7e-4f19-a751-9148dbf1c928,2025-04-02T01:08:32.137978
positive,109f7ebd-7f8a-4549-98e1-8192470c7793,2025-04-07T13:55:22.666150
negative,9f0df545-d877-446c-9ad6-c94a39a2cd81,2025-04-04T20:23:31.287695
negative,949af1bb-fe2f-48de-a94b-98261e5507d3,2025-03-24T17:04:19.954048
positive,2e856a2e-e753-426e-92a7-dd207d30610a,2025-04-18T21:08:58.555468
positive,0b5df7fb-1ef2-408e-bb86-50abebb05019,2025-03-24T19:50:00.403024
positive,d253cae8-6fe2-430f-9e7b-8bc1547baa7a,2025-04-02T03:05:31.114042
positive,74bc480d-5773-416d-85b1-2233418a4b90,2025-03-24T19:35:21.180685
positive,8cf324b6-c152-4291-92b0-39f97af63be4,2025-03-31T22:52:07.548771
positive,5dc4782d-0c42-4ef3-be22-59b3b0e07290,2025-03-26T00:01:19.706966
positive,43ff26f5-fccd-4b58-b188-2991f8f528c2,2025-03-25T16:28:54.392011
positive,681b3b83-a12b-46a5-82a1-3ac6add00e6a,2025-04-15T19:01:49.801321
positive,681b3b83-a12b-46a5-82a1-3ac6add00e6a,2025-04-15T19:01:49.815329
positive,681b3b83-a12b-46a5-82a1-3ac6add00e6a,2025-04-15T19:01:50.220807
positive,681b3b83-a12b-46a5-82a1-3ac6add00e6a,2025-04-15T19:01:50.501992
positive,681b3b83-a12b-46a5-82a1-3ac6add00e6a,2025-04-15T19:01:50.655178
negative,963124e8-804c-444f-8f67-14e41c69b60b,2025-05-10T19:00:05.295899
negative,219ba34e-1052-4ea2-9ecc-15eb7e65a723,2025-04-07T23:34:56.170692
negative,436a6ccc-4cad-4ccf-b0ec-08a7714a1d3c,2025-03-26T03:31:33.530926
positive,436a6ccc-4cad-4ccf-b0ec-08a7714a1d3c,2025-03-26T03:32:38.045636
positive,2aa79749-fcc0-4169-bf71-31633f5c20c8,2025-03-26T21:00:32.637565
positive,1948cd7c-54c9-47ba-9afb-c6722dc4de29,2025-03-24T22:38:17.258758
negative,37319b49-317b-4520-a7a9-7acf004f377c,2025-04-26T19:25:34.989379
positive,60708e3c-6fe5-4138-8371-c70281ebd444,2025-03-31T15:57:05.600661
positive,7d6b70ac-f86a-4c42-baae-c52a416865f4,2025-04-22T18:44:05.130366
positive,615938a5-368a-41d3-87b9-b8b84c0c779f,2025-03-26T20:21:57.816146
positive,615938a5-368a-41d3-87b9-b8b84c0c779f,2025-03-26T20:21:58.164904
positive,ab2c4cf1-1099-438d-8a1f-23804523dafa,2025-04-08T15:42:39.118834
positive,33bdb58c-7c5e-4896-adaf-e6472b25a264,2025-03-26T21:19:14.792048
positive,33bdb58c-7c5e-4896-adaf-e6472b25a264,2025-03-26T21:19:15.592035
positive,962dbc98-e85a-40d1-bfce-183c5add8196,2025-04-07T05:18:32.036993
positive,960bd7a2-b030-4a71-8da6-a9564d253c75,2025-05-07T02:55:53.933649
positive,925d25e4-c5aa-4322-8cb6-bceed25a43ff,2025-04-07T14:08:21.870605
positive,e249e840-3a59-4924-86bb-ea5d5e7a7165,2025-04-14T00:18:07.593396
positive,1489cde7-770a-48b7-b755-8ca46c6203c6,2025-03-26T21:59:39.274694
positive,ef0da848-f338-4e77-bf92-1b4b04e70eb0,2025-03-25T01:44:44.351602
positive,d327b70c-1fc7-4fc8-897c-256a2155f460,2025-03-29T15:42:36.600471
negative,b7d0953b-8da3-463e-90c5-72954953f6fd,2025-03-25T00:45:14.193419
positive,0aeb7af5-60a3-429f-b47c-5441bb2740cb,2025-03-24T15:08:48.593721
positive,4b02d426-b50d-4937-afe1-fcf22637625c,2025-04-15T19:31:33.876890
positive,2bafccd3-1fbd-4b83-a182-44a84c0069a6,2025-03-24T20:59:11.922194
positive,69b830a8-3fa4-494e-91c8-a917fb635ffa,2025-04-15T02:33:23.644307
positive,69b830a8-3fa4-494e-91c8-a917fb635ffa,2025-04-15T02:33:23.986458
positive,d1d11bf1-6323-476c-9a39-6dd520264f38,2025-04-12T00:33:28.104574
positive,4d0ef8ba-d449-4444-957d-ea09676cae99,2025-03-31T17:09:38.200102
positive,ee15df6d-4566-4bc2-8704-3499a8879766,2025-03-26T03:35:27.695966
positive,2cc56a71-1c2a-4598-96f4-9efa25ed2978,2025-04-07T15:10:01.523145
positive,e375585c-02db-4eff-bd41-725323267fb1,2025-03-24T14:55:08.358789
positive,e375585c-02db-4eff-bd41-725323267fb1,2025-03-24T14:55:08.454594
positive,e375585c-02db-4eff-bd41-725323267fb1,2025-03-24T14:55:08.967446
positive,30c28906-49cc-4b53-8ace-03b2be08b123,2025-03-24T11:32:25.975979
positive,8e462103-3995-41eb-839d-2778067983ee,2025-03-25T00:37:48.842182
positive,a4bfd7c2-6773-4aed-aebd-9af1e3a5dd9f,2025-04-22T16:00:09.665898
negative,5a4555c3-4bb2-4d32-b61d-89112f0b07e1,2025-04-10T17:04:49.978937
positive,4c69058f-c05c-4e33-a398-f4d055c8b43b,2025-04-04T01:25:13.695788
positive,4c69058f-c05c-4e33-a398-f4d055c8b43b,2025-04-04T01:25:13.907429
positive,42436549-6865-4edc-a45b-91bde82f9661,2025-04-19T20:25:23.166566
negative,45b9f5e7-8511-4142-a89a-bd8558e394f0,2025-03-24T21:01:10.679680
positive,534dce84-9568-4d00-a031-53f3b261cbe2,2025-04-02T16:29:41.157862
positive,ed6aec79-95b2-4310-9887-19a2925f8a36,2025-04-03T02:53:07.755794
positive,0e1104ab-706b-42ca-ae6e-eed8bd6e7afe,2025-03-24T16:45:48.721899
positive,55b28720-1f81-4a28-8a08-9e282455c22e,2025-05-07T15:36:35.296299
positive,830f2c99-6837-44d8-a151-2eef1a464f55,2025-03-25T11:51:28.389476
positive,0bee07a1-57b3-4558-bc20-f612a8659b14,2025-03-24T19:55:03.959792
positive,72ca3e03-abeb-40a5-846f-1126fc8ecf00,2025-04-29T03:04:23.559449
positive,9c6e9f47-ca5d-4ea3-8a8c-86610c470e8a,2025-03-31T18:33:30.449151
positive,d162b59a-f8db-43c6-8376-58fc12ae4a00,2025-04-01T12:08:38.937001
negative,95e4655a-9f67-439b-b07c-7cacdd8002e7,2025-04-14T19:37:15.412947
negative,57d1a40a-4aad-4a0b-b0c3-f8ff7c22209f,2025-03-30T03:24:19.244982
positive,39ef9817-d4dd-4e6b-aa12-0f4e996bda21,2025-04-06T23:21:20.642664
positive,7c368ebc-358e-43b6-b851-89d9a7e26107,2025-03-25T17:07:15.377547
positive,435101dc-5aba-4ae7-b7b3-fd0daa1dfd96,2025-03-25T21:55:37.925362
negative,1322a5ca-83aa-4d86-937c-9a1b1390f961,2025-04-07T02:42:01.693829
positive,243f4c36-ab8c-47a4-a773-4c4a0461c22d,2025-05-05T01:56:13.079788
positive,97de8b64-16a4-40ea-885a-2fed711f2a17,2025-04-13T00:41:19.413952
positive,97de8b64-16a4-40ea-885a-2fed711f2a17,2025-04-13T00:41:19.952179
positive,8399c09c-aeaa-4e93-b63b-2c71895cb902,2025-04-04T16:08:07.458402
positive,08b21956-1879-4cbf-a543-726a291855f9,2025-05-06T23:03:53.122126
positive,0e52bce9-1adf-4089-98ca-6cbfc617f970,2025-03-25T01:28:41.952553
positive,d6815d9e-5abe-436e-9e51-5d22ea7635c8,2025-03-25T20:02:45.810798
positive,6db74abc-3ad9-4bd5-ad64-98957c5fbc91,2025-04-07T01:59:23.241158
positive,5a64884e-8141-4428-85e7-d245c14c90c1,2025-03-24T12:26:24.276403
positive,1a17bef1-822e-4ef9-89ab-f405683b29c4,2025-03-26T01:42:53.166890
positive,9856e782-0cc4-429b-a8a0-019089765766,2025-03-29T14:51:30.207867
positive,79fe4901-6372-4fdf-a9a8-180f000ede84,2025-04-28T05:14:04.123966
positive,c3f733bf-8eba-443d-9a0b-c38d3c69328f,2025-05-07T20:08:36.571234
positive,c3f733bf-8eba-443d-9a0b-c38d3c69328f,2025-05-07T20:08:36.819988
positive,561704ee-e851-43ef-b05b-8578bad5ee86,2025-04-01T21:08:07.149721
negative,4cbe86b3-213c-4925-9ca6-d4eccf93149f,2025-03-25T18:31:47.045063
positive,aeefb423-2b5e-4604-beb1-90e8ade63a7d,2025-05-08T20:01:27.454370
positive,e3e36616-0056-42d5-bea7-ad9b09b7e4a3,2025-04-08T16:30:14.081959
positive,608b2ebe-bfe0-439a-bd34-f1a3595071b6,2025-03-26T18:31:38.128821
positive,b32ddda7-a590-4a86-8d2d-87d3523ceabb,2025-03-29T00:50:46.693260
positive,04df7563-3390-4612-aa58-26e119e432b3,2025-03-24T14:28:21.518345
positive,0b42039d-cd15-4e70-9cef-9711c2a43ce8,2025-03-25T23:00:44.867387
positive,a904aca0-6a1f-4059-bcdf-15103611090e,2025-03-28T18:14:48.762308
positive,da1c2693-a81d-4329-8146-7279aa8135f4,2025-04-26T00:32:26.629862
negative,921326c9-4cd8-4746-8191-659f3949a5e8,2025-04-27T00:19:27.382820
negative,921326c9-4cd8-4746-8191-659f3949a5e8,2025-04-27T00:19:27.760113
positive,9a628522-fe54-42e0-94af-0c839f03239c,2025-04-24T04:21:52.685280
positive,9a628522-fe54-42e0-94af-0c839f03239c,2025-04-24T04:21:53.271117
positive,e92b9fe8-1c95-4e29-9001-a540fa7b3534,2025-04-24T22:07:59.986994
positive,719b0155-aea2-4295-b350-0c897f15ec3f,2025-04-04T19:03:36.643225
positive,f74b3561-23c6-4f0b-8836-ffaaf6fd1a5a,2025-03-24T19:30:16.086691
positive,edded36f-9547-4ffa-85fa-407b022e14da,2025-04-14T21:39:39.698534
positive,4b35c0e5-2c03-488b-9c65-e1cfb9a00a35,2025-03-24T21:54:03.959832
positive,dc592798-6db2-47e3-bdd2-2a601b1dc216,2025-04-09T10:21:41.560438
positive,ee445cd0-c948-4925-9ec9-605108df9cc1,2025-03-26T16:23:09.894158
negative,a0ca7298-5afe-4db0-9268-24bd3ef6c188,2025-04-14T19:38:03.548754
positive,1b7c74c7-71c0-4475-81b6-e94da0b6774a,2025-04-28T00:16:17.059511
positive,dec15121-0999-455e-ae75-ca1b08572b65,2025-05-06T02:58:35.734558
positive,42c3d121-7c79-4a45-b754-187a5c5a126c,2025-05-12T19:34:42.477455
positive,1071d6d2-b57a-4b52-bd80-fb347155a7d6,2025-04-22T21:40:22.003950
positive,089416b5-0a3b-4ab3-a1cc-4474310377da,2025-04-01T12:12:24.447716
negative,937e0c70-20b4-450a-ba1a-01d2dcfc367d,2025-03-25T11:42:05.180587
positive,42034209-426d-4409-8869-37eadab0c877,2025-04-02T14:37:59.308328
positive,48e37739-1af8-4de5-9cdd-fd41cf4a2941,2025-03-26T17:17:50.448970
positive,6ef5326b-6b9d-4085-8f2e-eeed5bf5e824,2025-04-08T02:20:30.187906
positive,91c1eb5f-1738-427b-92f7-476a25539931,2025-04-05T15:45:08.526373
positive,91c1eb5f-1738-427b-92f7-476a25539931,2025-04-05T15:45:08.708176
positive,b82f6647-53c2-48be-b513-ccb2c5932f9c,2025-04-17T14:02:20.968973
positive,daf1718c-c933-40a3-8946-01d8f72b3358,2025-03-24T20:16:22.530205
positive,24126ef9-c1a9-4b19-b089-0ab26d0cf03c,2025-04-06T23:19:37.653001
positive,8af966f3-5980-4766-ae61-0a2782dd57e3,2025-03-31T18:30:50.992537
positive,bebd50e1-88b9-487c-af42-54de03a668a3,2025-04-04T05:54:57.437306
positive,414e0c23-644b-4602-980d-45279fafd90f,2025-04-03T22:51:19.615146
negative,7e9a8cab-9091-45da-9e35-0d411d956ce0,2025-04-03T21:44:06.498751
positive,6f8e8cec-0b15-4a48-9ed1-c28b117e062d,2025-04-16T01:14:43.433965
positive,b32d7bbe-93f0-4bc0-a7c1-f73ee6fdcb66,2025-03-27T00:32:13.906199
negative,5b259ac6-3ae7-4009-82b4-b2a3902f9751,2025-04-15T02:23:01.290187
positive,b7fce8e2-d24b-4ac5-a8d8-e4067dfff769,2025-04-01T04:05:07.516446
negative,22705802-fbce-45d1-bfe1-552628562d50,2025-04-15T00:27:14.563528
positive,b7e8a74e-10df-4a9d-a80f-cbad30312bd9,2025-04-28T07:15:54.788414
positive,af86a401-54d9-4a7c-979e-affc65f15e87,2025-03-24T21:06:51.153589
negative,fe18a6b4-5d72-4afc-a8d4-3431e889fc46,2025-05-07T17:47:45.497977
positive,268135dd-f970-46ac-b82b-db9d4f8a7203,2025-03-26T00:45:28.589175
negative,241dbe43-837f-4eca-bcf8-b809ca49c3a6,2025-03-26T02:14:02.374083
positive,241dbe43-837f-4eca-bcf8-b809ca49c3a6,2025-03-26T02:14:02.792767
positive,241dbe43-837f-4eca-bcf8-b809ca49c3a6,2025-03-26T02:14:02.997830
positive,455333f7-0d61-4325-9031-566e0e6be8d0,2025-04-11T04:44:35.444664
positive,20443ee0-87f7-45aa-bc10-3d9a360a3902,2025-04-11T17:46:24.815012
negative,33585290-dc61-446d-9ae6-2e4e30323f87,2025-04-14T03:22:00.777276
positive,f689aee9-ae1b-463b-8bf3-6417d1b6ffdf,2025-04-01T00:01:44.128676
positive,84c6887c-7fbe-46f8-b127-eed6634c9370,2025-03-31T01:00:13.697282
positive,230fb028-d7a7-4e54-9451-bf5a4c5f8437,2025-04-17T16:26:01.653051
positive,4195884c-2ac0-4398-a7b9-25f2eb0fbe97,2025-03-24T13:52:32.405325
positive,68706d63-2e41-4cdb-b29a-317494198ccd,2025-03-28T17:48:07.157918
positive,90a5b8d8-3c32-4178-a941-4b03d4d44f65,2025-05-12T15:14:23.378807
positive,01fcd59c-a4ec-4abc-b773-be73e09e59e0,2025-03-24T23:00:31.537742
positive,e6213089-f9f7-4a0e-89be-9f5f22bd478c,2025-03-24T17:01:56.820448
positive,422ce918-5331-4a93-bc4a-0aee4387b8d0,2025-04-25T01:54:07.837290
positive,08d18c3b-b7f6-419e-bea2-7a94fc7a94c8,2025-03-29T22:16:11.479526
positive,c41152e9-b2da-47bc-820e-c2a05d645703,2025-04-05T04:08:53.440444
positive,766d4089-4c78-4b14-858e-cc027d21daab,2025-05-01T18:36:55.931430
positive,62d3405f-c7e5-4767-9487-98ea9c9258cd,2025-04-08T02:52:15.621808
positive,3c47b4ec-3605-4a34-8cca-509f5d701dfa,2025-04-15T21:37:51.456977
positive,3c47b4ec-3605-4a34-8cca-509f5d701dfa,2025-04-15T21:37:51.488062
positive,3c47b4ec-3605-4a34-8cca-509f5d701dfa,2025-04-15T21:37:51.756818
positive,3c47b4ec-3605-4a34-8cca-509f5d701dfa,2025-04-15T21:37:51.878879
positive,6b2da4b1-4c95-4b37-8fb2-c0b794a95c68,2025-03-24T17:30:41.314806
negative,b59a802c-7e57-40ff-b47b-85fa0a9f4fd5,2025-03-29T23:15:21.317700
negative,de60ce7e-43f7-43ba-9def-fbadaab2569a,2025-04-10T02:46:52.660459
positive,6f1724ad-da8e-4966-8784-4eb43be6addb,2025-05-12T19:30:03.440295
positive,6e293a80-1fe7-4887-87d9-7e507461621f,2025-03-24T16:15:22.053196
positive,782dc07d-fbc2-4015-ba47-3d3ecf9e38b0,2025-04-11T03:59:25.832710
positive,5f375355-8f56-43f8-b7f8-cd255d6b3dba,2025-04-15T19:26:02.642264
positive,736ff157-1801-4067-9c23-dda579b01b12,2025-04-03T00:47:26.927359
positive,e6efff21-e6d7-4243-b5d0-35ece919c966,2025-04-12T00:58:21.401893
positive,04eb45bf-a401-48b6-9bb0-845692d12922,2025-03-24T23:14:01.177582
positive,ece43bf6-67ab-4819-9a95-e7d5189fc793,2025-04-14T02:20:14.827358
positive,46a81ad5-402d-4fec-b407-e045f5e42f76,2025-04-03T23:57:41.642611
positive,46a81ad5-402d-4fec-b407-e045f5e42f76,2025-04-03T23:57:42.047737
positive,c5e1c565-9eb6-4c67-8d4b-57ee27913215,2025-03-27T17:02:16.567395
positive,c5e1c565-9eb6-4c67-8d4b-57ee27913215,2025-03-27T17:02:16.961095
positive,4a623096-1e13-4401-a0bd-eba6ca602493,2025-04-02T20:42:40.665283
positive,a63d2bd7-051c-4f4f-853e-480a673cc031,2025-05-12T22:07:30.604156
negative,69642713-fa5f-4abf-ad05-111c80c51732,2025-04-15T00:34:36.423815
positive,6c0d808b-7103-4040-a8b6-59a3e7120bc6,2025-04-13T21:02:43.223877
positive,8e22513e-6751-4aa1-b4d4-3287fc9ade19,2025-04-12T17:37:46.817050
positive,6443e343-e355-4c3a-8ac2-2da1b46d6f07,2025-04-06T20:29:30.630206
positive,96c38749-9d4c-4d12-ace3-c56a740dc856,2025-03-26T18:25:47.541589
positive,7c02353e-0f20-4741-a809-d37cff04fb18,2025-04-14T13:54:51.019658
positive,5a11b9b0-74ce-497f-8b10-a392edf5e6a7,2025-04-30T12:54:46.324914
positive,f25912d3-a1c8-4723-ad34-d48574349a11,2025-03-25T07:58:35.854765
positive,79c17b0e-720e-4baf-bdc4-93da91d69ae7,2025-03-24T17:35:45.995081
positive,972f7071-b3f4-478f-971c-019265e18959,2025-04-15T22:16:23.281530
positive,972f7071-b3f4-478f-971c-019265e18959,2025-04-15T22:16:23.333847
positive,972f7071-b3f4-478f-971c-019265e18959,2025-04-15T22:16:23.535337
positive,972f7071-b3f4-478f-971c-019265e18959,2025-04-15T22:16:23.567331
positive,972f7071-b3f4-478f-971c-019265e18959,2025-04-15T22:16:23.658103
positive,298e49e0-a269-4c61-957d-283d2bc208e3,2025-03-25T13:47:03.602713
positive,a8b98380-01fa-4bc7-a278-9d96777218e1,2025-04-28T15:18:11.289723
negative,dfa353ea-2eea-4bfa-9312-0c34f4da4591,2025-04-15T00:29:02.213825
positive,fbe341a1-c610-4616-8d8b-f5cdc6577ebe,2025-04-07T12:32:54.852215
positive,8b7a11ec-4364-477a-9237-466cc58ca6f5,2025-03-24T14:33:48.716795
positive,6db038f7-364c-4e1c-8df5-23885bc9b686,2025-03-27T14:20:32.739186
positive,56c921e0-e39e-46da-9cfb-1a7b41c956cd,2025-04-27T21:28:31.156056
positive,f961f810-7176-4907-a10e-bf46b4c8711d,2025-03-24T20:14:38.314446
negative,6c7aab4b-d15b-41bb-87fc-fd91897f21aa,2025-04-29T01:53:20.063759
positive,bd8d9b28-824c-4d54-99a1-a0b090d1de94,2025-05-12T16:02:12.652859
positive,41e0e1a1-5cda-4a47-89c5-effae02302dd,2025-04-22T16:38:06.282428
negative,fc1d7bf2-392b-41c0-8eec-84eb0b684d01,2025-05-12T01:07:13.783946
negative,d267bfa4-5fa4-44a1-a166-a86d5c2eda52,2025-04-02T02:21:36.288771
positive,b94aacae-5654-448c-9c01-3c27e0807bcd,2025-04-05T01:44:12.797898
negative,b7989910-2c97-482f-bd0f-ce7e9266fd93,2025-03-24T22:49:41.707669
positive,282399a3-2519-48cb-a263-df4bcd24ec64,2025-04-07T14:11:12.658839
positive,52342c6f-5673-495b-ab27-04e5fd242ff0,2025-03-28T01:27:13.485819
positive,de5b5932-4ce2-4d4e-bcf0-80431eda7d24,2025-04-21T22:11:48.031047
positive,7bfe9ef8-13be-4796-a0bf-2205c2649f7b,2025-05-05T23:08:10.067726
positive,b643d8da-ce50-48ad-82ba-b2e1cfd308c9,2025-04-15T02:09:39.539889
negative,84ce66e7-ca5a-46ec-985e-ffed19231d73,2025-04-15T01:24:55.555642
positive,16855f3b-d7a2-4aca-b6c3-7de5703652e0,2025-04-04T03:21:40.614781
negative,d9b405fd-a1aa-406b-9a66-0b73cfa87825,2025-03-29T01:26:41.114499
positive,6846c79b-0a97-43fb-b6f7-f177bfcc2ffb,2025-04-26T01:58:31.402519
positive,6846c79b-0a97-43fb-b6f7-f177bfcc2ffb,2025-04-26T01:58:31.686139
positive,778b3fc9-6396-4e76-9df7-a9e332deb3ca,2025-03-24T19:55:50.959581
positive,32d08d08-d940-4ac8-ace3-86d8cd7ce455,2025-04-15T19:08:04.058595
positive,60efff18-fffe-49c3-83f6-283c06bd7ed0,2025-03-31T21:18:27.467378
positive,1a89ad2f-fccc-4301-b64b-274b0a85c51a,2025-04-28T20:52:13.802552
positive,48285bd2-ff72-43aa-afc9-4ec6640bc311,2025-03-24T22:23:42.544920
positive,c24a9495-92fd-4b53-a767-a3f0ee93f0b9,2025-03-27T00:38:01.355101
positive,33d4db48-3ca0-4e50-a3e4-e073d184efa0,2025-04-07T11:25:21.238903
positive,e52c0011-7a2d-405f-912b-9c6c53e9fa2c,2025-04-05T02:35:40.257720
positive,da69557e-1f51-4bc5-888f-9199ea1576dd,2025-04-05T01:52:21.202142
positive,a9cb81b5-2c6f-4af1-9e91-36f13fc1a4dd,2025-03-25T12:05:08.948378
positive,de6b5bb7-296d-4295-8952-19620d380255,2025-04-15T14:29:54.316638
positive,2526381f-d9b5-4a65-9004-d312b839c63c,2025-03-24T14:23:18.116728
positive,8ecec91d-3783-4abd-a6fe-0da32a1f9d60,2025-03-31T00:06:40.954147
positive,ec1cef7a-7267-43fd-bd92-2da705091d59,2025-03-26T01:12:09.049601
positive,297b9c71-05b5-462d-9010-1b647d3bc8d2,2025-04-15T22:17:37.831527
negative,62373c4f-3766-4c73-8d58-f7fed653636a,2025-04-06T19:42:08.894645
positive,26a52ae6-018f-45ec-9dfe-ef83efb9a956,2025-04-11T12:30:11.370344
negative,447642e2-6b4b-41ae-b15b-48f59a217fd7,2025-04-17T04:14:53.535473
positive,b154599f-a1db-48da-a7ec-64193bbb35b7,2025-04-26T18:07:16.100859
negative,7c3e19c4-b927-4d39-9c3a-fad604cd6e2b,2025-05-09T23:04:29.449935
negative,7c3e19c4-b927-4d39-9c3a-fad604cd6e2b,2025-05-09T23:04:29.887692
negative,83ffd142-418b-45b6-83da-652f69c948dd,2025-04-28T04:27:54.544791
positive,64edb11a-0d1b-46bc-b90f-f7463e0fc869,2025-04-27T05:33:45.835515
positive,fa36cfbb-8804-4cc7-8dda-8dbd32322bca,2025-04-03T22:20:59.341824
positive,fd3e8861-7f92-462f-a406-e8d096bc1492,2025-04-28T16:09:28.944334
positive,bb77ef77-b6ca-41e0-b876-6e5d235c9e6e,2025-03-31T20:17:49.098214
positive,dea645bd-7f25-49a1-8e04-47ba82bfa934,2025-04-15T19:16:57.820448
positive,b7eb5c81-2fa4-4093-9b5c-f2dd38f988c8,2025-03-26T04:05:21.992704
positive,e303dd70-cef9-4f7a-9ebc-c828a354b452,2025-04-14T02:00:32.461201
positive,e303dd70-cef9-4f7a-9ebc-c828a354b452,2025-04-14T02:00:32.772800
positive,0159ad4a-1718-43c5-81ed-1bb12c12a7ca,2025-03-31T15:51:13.494850
positive,fc0e7553-4ebf-4ecb-b6f9-09ac1d22631a,2025-04-07T13:22:20.224924
positive,c0afc7c0-0558-41d6-974e-99a6be7cf851,2025-03-27T03:37:07.209741
positive,831eff15-79c4-4255-86db-4b2890a6e7cb,2025-04-15T02:42:54.925026
positive,4923275a-7a24-4171-ba3d-86fd02dd1f5f,2025-04-07T03:56:55.671017
positive,4923275a-7a24-4171-ba3d-86fd02dd1f5f,2025-04-07T03:56:55.955810
positive,f688a691-d6f6-4039-b07c-4987077b8818,2025-04-04T05:57:14.366150
positive,ef7e2e6d-6a3d-49d9-9d26-c2cabe976ccf,2025-04-29T02:18:19.209482
positive,73dbd034-3f4e-4af2-b0e3-ce1636e20d75,2025-04-05T12:01:06.365486
positive,43812bef-a5ce-4c52-a213-58ccd8557878,2025-03-30T23:20:53.886546
positive,756cad86-4733-4c29-8f97-2bba8ebf4106,2025-03-25T21:27:02.503107
positive,8824ef2f-860d-4961-98d5-87eef9a97783,2025-04-15T02:25:38.177272
positive,b497fcb3-dd08-4894-936b-e002d1e2baa7,2025-04-28T22:05:26.768815
positive,cc9194d0-02ff-4a24-9ec9-2a947a3f567b,2025-04-06T14:50:17.505429
positive,8e1ee375-4cc1-456f-9db3-07ead4355641,2025-03-24T14:48:15.304653
positive,deb6cb44-10a2-44a9-a346-15fc9567ae8c,2025-05-11T23:29:17.930504
positive,6df146f3-ed32-44a5-8a4b-6b9e607538c8,2025-03-25T02:05:58.822715
positive,a657da74-5f73-4fa0-a0b4-c8b5e2fad3b8,2025-04-26T01:11:43.092309
positive,64fd1111-da80-46c2-9a8f-33c29c008f29,2025-03-24T14:57:32.520185
positive,78710722-8b4c-40bd-bf83-2ce74a1aa86a,2025-04-26T01:42:35.716278
positive,a945b5d7-2d34-47b2-a7c2-d72dcf47e8ec,2025-05-09T22:45:29.987711
positive,cf30e9c2-5db4-4439-a6d1-4ca30f45d2a8,2025-04-08T16:53:41.008568
positive,b20f4d10-92d8-4d21-8515-4f9d805b36fb,2025-03-24T23:26:32.773984
positive,44d51cd2-cccc-4408-b63b-46c4611047da,2025-04-08T02:41:48.666696
positive,5193ec7a-6770-4ac6-9f58-3ffcc1edf8de,2025-03-28T00:13:52.331902
negative,64b2837d-7f96-4e90-b190-b488958dd4d1,2025-04-13T14:02:42.652903
negative,64b2837d-7f96-4e90-b190-b488958dd4d1,2025-04-13T14:02:42.839113
negative,64b2837d-7f96-4e90-b190-b488958dd4d1,2025-04-13T14:02:43.103548
negative,64b2837d-7f96-4e90-b190-b488958dd4d1,2025-04-13T14:02:43.335371
positive,40af690b-0edc-4322-83e9-d8f724d5d08e,2025-04-02T23:16:55.562046
positive,4a17e60b-ce1e-47c6-9cd7-08ce5022e88f,2025-04-15T19:31:13.945321
positive,e56088a6-5927-4f08-99c4-2a0f0f9d25ab,2025-04-12T02:35:01.109032
positive,b1dda78c-4779-4c89-8f2c-85f9df29fff3,2025-03-24T11:50:28.233805
positive,25f9f56a-a889-4863-9746-af85b8267774,2025-04-05T06:42:38.605548
positive,aa12fdc9-24fd-4eaf-b248-b70e836bd550,2025-04-26T12:56:13.237749
positive,8a69828b-ca29-4447-92cd-2a8fbea42a7f,2025-04-06T23:22:36.392737
positive,ea0b1549-3caa-48a3-b6bd-9f0cadd49519,2025-04-10T02:08:03.530934
positive,48d4f295-32fb-46ca-bd3f-0f6c5606b4e5,2025-04-07T03:21:57.619680
positive,c1dafde9-e878-4e51-b75e-93e2d061bb27,2025-04-04T17:16:12.055389
positive,c1dafde9-e878-4e51-b75e-93e2d061bb27,2025-04-04T17:16:12.543316
positive,bdc63f61-c881-4156-a52e-a4effdf514e2,2025-05-08T03:48:15.207556
positive,a8e10c8b-9ea6-40fd-93d8-00cea3974d84,2025-04-28T04:54:17.681995
positive,01ba54fc-5015-4c35-9849-29fce7bd0ebb,2025-04-23T21:09:50.021644
positive,74e187c6-2331-4092-8c04-7b6706e84ae7,2025-04-01T12:45:17.332954
positive,8a7d4734-67ca-48d3-a274-667618492866,2025-03-24T19:07:40.611146
positive,dd205300-6ffa-49aa-836f-e94fa178a2f1,2025-04-28T19:01:26.663055
positive,7abd51b8-d25b-4732-860e-dc2903801d80,2025-03-25T23:33:03.540838
positive,7b587dae-6d0a-47d6-bc96-9a6ee1241bf7,2025-04-08T16:41:02.439164
positive,8486ea7f-e920-4e17-8614-87193106bd3b,2025-03-31T18:34:54.531636
negative,4c2e19de-546b-4cc6-9f16-8e5955514177,2025-03-22T21:59:50.599118
positive,4c2e19de-546b-4cc6-9f16-8e5955514177,2025-03-22T22:00:21.968228
positive,4819fb95-5aba-4c1f-9f4a-f210f1f1ed02,2025-04-10T18:34:05.776944
positive,4819fb95-5aba-4c1f-9f4a-f210f1f1ed02,2025-04-10T18:34:07.292381
positive,506c15b4-73f7-4d89-a7ff-276fbbbeb416,2025-04-01T01:34:22.503836
positive,01945955-4716-4783-bae2-5cb188e5cc99,2025-03-28T03:39:11.995350
negative,d52ae42f-6be0-4f49-9e85-7a91d0671fb8,2025-04-07T17:15:15.966423
positive,97d2b1e0-3ddc-49df-8bfd-8c0374ff2a1f,2025-03-26T03:37:58.420847
positive,6255c54b-1348-453d-8306-ee0b4d3c1a96,2025-05-12T00:04:51.794857
positive,030e20e1-c488-47e7-9cbd-599435fc83f2,2025-03-26T21:10:51.231864
positive,2052e14f-7bca-404f-94df-567329151741,2025-05-10T06:04:11.324438
positive,8a111fc4-1127-4236-8cdf-d001afd20586,2025-04-14T22:58:39.079130
positive,c59d26b3-2b93-46c8-b79f-8f4207f0e547,2025-04-03T13:15:59.808826
positive,e27f66fd-a815-442d-9b27-324ae5537198,2025-04-21T12:37:58.078524
positive,2c54f8ec-fba5-457c-82bf-6abe1152bd14,2025-05-01T15:40:13.737211
positive,93a81424-d97a-4254-9f3e-84b22233f43e,2025-04-06T21:19:20.211486
positive,ebef9d18-9d07-45ce-8bcc-9f8eba9a95b7,2025-03-31T23:44:38.585198
positive,74358281-5285-4610-9274-b02eb824fe89,2025-04-14T21:55:23.211223
positive,74358281-5285-4610-9274-b02eb824fe89,2025-04-14T21:55:23.511503
positive,7638f10b-e4f7-437e-9cc8-67c29741ccc6,2025-03-29T19:07:55.240427
positive,7638f10b-e4f7-437e-9cc8-67c29741ccc6,2025-03-29T19:07:55.409359
positive,7638f10b-e4f7-437e-9cc8-67c29741ccc6,2025-03-29T19:07:55.904341
negative,05ea6114-8b89-4a20-842f-14873c98933b,2025-05-12T23:17:17.352896
positive,b3fde71b-c20c-4811-b1eb-c005a0e1f9b8,2025-03-24T04:20:27.040174
positive,0aa32268-6370-4094-a778-869d0e2bd3a0,2025-04-08T03:04:41.583471
positive,edeb448d-f28a-44f7-bc7f-5e928ef2a158,2025-03-24T09:11:02.359204
positive,b7791e14-92eb-4f64-a2a4-cfae5b43865d,2025-05-10T15:00:44.436199
negative,bbc2e89a-3986-4cdd-83db-557eb1cd37c5,2025-04-11T03:33:40.946446
positive,848a243a-ef61-4e88-8501-5959abd1c9f9,2025-04-27T03:10:16.780744
positive,001149f3-c5d6-4c53-a138-15f102102e42,2025-04-13T03:55:41.611818
positive,e2fce8ec-c1bd-431a-b29a-34bd2b46dd57,2025-03-25T01:45:50.421632
positive,c3c89c39-03c2-4c80-af7c-126df2fdf10a,2025-03-25T01:23:13.391106
positive,dcef02f3-e992-4c97-bc20-4bd0574580bc,2025-05-12T05:11:41.402857
positive,a7514ed1-ecd2-4eaf-9922-affd8a9cbf0d,2025-04-06T23:14:57.409106
positive,72ced8b0-257f-4ba5-ba71-d58bf1b53555,2025-04-16T11:47:02.932776
positive,72ced8b0-257f-4ba5-ba71-d58bf1b53555,2025-04-16T11:47:03.372376
positive,a70867b0-2964-4e07-9551-47421c7cf4f1,2025-03-24T15:27:46.876453
negative,95a7cd59-89d7-43d0-a601-2e363df186f9,2025-04-18T14:36:26.096966
positive,6cf95bf1-c01c-4b9c-a33f-9a9c6d0d9330,2025-05-03T02:41:40.508747
positive,2995996a-afbb-46bd-8ee8-3438592add31,2025-03-26T02:03:52.618387
positive,86ec51a3-aeb5-45ca-9c4b-90cfe424a6a2,2025-05-11T03:12:06.419680
positive,ca31a1a3-2e34-4404-a82e-29e866732f66,2025-04-01T17:30:09.756077
positive,8f1ef641-557d-4a4d-af21-5f1b98e6e345,2025-05-12T04:10:13.940989
positive,8f1ef641-557d-4a4d-af21-5f1b98e6e345,2025-05-12T04:10:13.944144
positive,7e9fc127-9834-4e6c-803d-a87c9db4d56b,2025-05-12T04:29:33.668309
positive,bb1e8317-26d8-41e6-af74-e92af0c57ccb,2025-04-29T01:26:23.581846
positive,ec407f47-5d86-45ee-bfa2-dcf936c370a3,2025-03-25T20:00:59.386864
positive,3aec18d1-8686-414f-9ad5-4e400f6c094a,2025-03-31T23:56:21.694496
positive,1b9c9c4d-c226-4b4c-a599-3ecf27edd66f,2025-03-28T17:20:08.985526
positive,dd91e8df-aa4a-481b-8835-ab4f8ac72d15,2025-05-12T00:10:55.544162
positive,70853b31-ff05-4b8a-a3ef-e35bcae1598e,2025-03-26T22:37:57.640695
positive,02a7f679-d681-4cc7-8f97-f566169eef15,2025-04-24T03:56:05.568049
positive,54079f69-0d8f-4513-8fe3-50ae4fdb52f0,2025-03-24T11:57:46.394964
positive,565e9d6e-1f2f-4481-954e-1b846764855d,2025-05-07T15:36:33.152737
positive,8e57b590-829b-4c78-847b-58e12bc776e7,2025-04-24T03:10:11.383944
positive,cd6020bf-871f-4b25-a25e-ce2d31edef4f,2025-04-01T13:44:45.451242
positive,405ca308-37fe-4092-8636-244cc0bf7cc8,2025-04-06T00:29:37.857830
positive,8ed2abe5-c944-4543-ade9-ecfb8412b744,2025-04-01T23:22:33.033970
positive,b376425c-6fae-497e-b136-3d072295489a,2025-03-26T22:40:55.893907
positive,960f9f45-925b-4f9f-80b1-be6fae7fcf2b,2025-05-03T19:15:35.755221
positive,c2c05611-1490-4a27-b42c-bbefadb76fb2,2025-04-04T20:02:43.995761
positive,970e2d2d-1218-4500-a479-15706794b3f7,2025-03-25T01:28:59.676149
positive,d28201e9-a503-4096-a07d-44c4af88ad46,2025-03-25T18:38:39.607032
negative,f3b5788f-5eed-4beb-b919-6b2bc9f84555,2025-03-25T12:18:01.819990
negative,f3b5788f-5eed-4beb-b919-6b2bc9f84555,2025-03-25T12:18:02.203198
negative,0305adae-fc13-4117-8cfe-fdcf18ee9d29,2025-03-24T16:56:24.212942
positive,506a6792-c100-4cbc-b5ad-ceb318060135,2025-04-28T15:54:56.936590
negative,6fa4d961-0b57-4786-a262-a1a631251e43,2025-05-01T01:50:43.121179
positive,6aae0a1b-842e-4e88-a0b6-428ccc51b85e,2025-03-26T23:15:41.667205
positive,73364809-f272-4dc4-937e-46eeabb2a54b,2025-03-24T12:15:00.508117
positive,e5e5c3e7-f064-4b54-9d2e-c669cb8e49d4,2025-03-24T22:31:05.115033
negative,2599ff15-9ef2-4000-995d-3cd80bd366bd,2025-03-24T20:44:43.785561
positive,d8eb550b-7bc7-40fd-8320-ce273707b604,2025-03-24T18:55:35.629846
positive,1a89bc07-92f3-4280-9687-759be91ac0ff,2025-04-14T22:29:45.393703
positive,9eb6ff23-2994-4076-8d58-9dfd4caee3eb,2025-03-25T01:28:15.186202
positive,bcbfae31-17c5-452a-b704-c1688e772bfc,2025-04-01T01:37:59.948448
positive,5bc8ed81-323f-444f-bbef-81fcf69c21d0,2025-03-24T22:10:44.534542
positive,651f78b4-8ebe-43f0-b2cb-d94a246a4cea,2025-04-30T16:37:07.174611
positive,3e71b561-9c2d-4183-aab7-f73128e500f2,2025-04-09T03:32:17.295762
positive,fef70852-e670-4d4e-9aee-4c1014695004,2025-03-29T18:04:44.029558
positive,430953de-cff7-4b43-9ff7-4c47c7e5a5e8,2025-04-03T12:22:25.833295
positive,3a3d0552-2c15-46ef-a8e2-cbed80e5ef06,2025-04-06T06:38:40.608199
positive,9ec19094-8592-421b-9de7-0457a5a642db,2025-05-08T20:05:17.112711
positive,cde15a79-9f8f-46ff-8955-ecb27eb74813,2025-03-31T01:08:44.129365
positive,83fe9edc-23f4-4144-9699-f61c0b43589b,2025-03-28T12:58:19.113184
positive,98bf064e-a24c-4edb-b577-868718bd6ced,2025-04-11T21:25:47.715834
negative,c7a28d98-f4dd-441c-9998-22bc061745e3,2025-03-26T16:19:38.445667
positive,be308730-7531-43f2-a5ff-af01a914ad2d,2025-04-28T19:55:57.680631
positive,2a1f8fed-4cfc-497c-8308-d99f0dd670cb,2025-05-05T20:06:58.878229
positive,3bafbb12-ca4c-4f69-b8a1-873f4ffc692c,2025-05-01T15:58:48.153692
positive,142cb2a0-85fe-4f20-beb8-4186056cad45,2025-04-13T02:25:47.699549
positive,34b8d7cc-64ee-4a89-ae8e-b283b60d5674,2025-05-07T03:44:36.071114
positive,82349ce6-6b04-4a08-aae8-daa3d9108f63,2025-04-12T02:34:57.793101
positive,dd97a5cb-5288-4262-a185-f8decb81ddfd,2025-04-11T02:25:25.547404
positive,b9752f8e-8d61-40de-8039-292f61a048aa,2025-04-26T21:35:33.833927
positive,74ec7e70-49ad-4f21-b737-0f58673cdb72,2025-04-08T18:38:26.204495
positive,4310c510-875f-4804-9b9f-331d118632de,2025-03-24T16:29:41.792533
positive,3f49ee12-2a0a-4c4e-810a-7306cdc47393,2025-04-14T03:24:00.824087
positive,1af659d6-0260-4002-b9e8-6177dce43ff1,2025-03-24T17:04:12.751594
positive,62a43873-7ec1-48eb-ad86-c95fd9c4e535,2025-03-31T06:51:07.631020
positive,327d7c52-e28f-4c1e-85f2-ccde3cf47413,2025-03-29T01:31:05.816588
positive,7ac3b00b-ed5c-4592-8727-f9b9776fd98a,2025-04-15T23:31:00.057592
positive,c019fb7c-0dbd-48a4-9719-59a20360a422,2025-03-25T01:29:09.186026
positive,ab24904c-5d7c-429a-8442-dbbbda481584,2025-04-13T02:10:05.373737
positive,ab24904c-5d7c-429a-8442-dbbbda481584,2025-04-13T02:10:05.832912
positive,a6a157b3-c0dd-4b15-abc1-9642838a0993,2025-04-07T03:14:25.946129
positive,100f5625-9dc8-43c2-baf7-cd854d17322b,2025-04-07T02:59:29.325079
positive,774da94c-052e-4661-b934-99726cfb13b4,2025-04-26T12:52:14.871384
positive,e0a02398-c954-4b80-81a6-8bb65d133b57,2025-04-08T04:11:31.229803
positive,a9b73e64-8a76-4380-a127-a5ac9525e8d1,2025-04-14T13:47:09.641133
positive,91351a07-2fae-4897-9427-bb7537add59f,2025-04-12T01:10:49.473304
positive,bc8d1152-1eef-4388-8728-0842cc31d6e1,2025-03-24T14:01:07.752142
positive,e423b408-8c1f-449d-864f-48c9e21397f9,2025-04-23T04:12:21.054236
negative,41552f63-7e48-463e-965c-6f808ced4e68,2025-04-24T00:20:00.590550
positive,d274a22c-8d5d-4796-8117-35369e4db7fb,2025-04-11T17:46:21.560721
positive,08ab823e-4c65-4e18-b074-ea1915aa131d,2025-03-25T00:03:46.905921
negative,3125631e-6e2e-4503-9f69-63b30c0976d1,2025-04-05T20:27:16.397780
negative,3125631e-6e2e-4503-9f69-63b30c0976d1,2025-04-05T20:27:16.456594
positive,3dbbdbab-e101-47c9-83ad-3063d9320478,2025-05-05T20:18:25.845955
negative,877947b7-4788-48a0-8577-e9f9e6e0f65e,2025-04-02T18:48:16.129389
positive,877b58ee-58a1-48e9-b866-9ec232c6a3c6,2025-04-28T13:51:06.182168
positive,fb03edf5-d018-493c-80db-0675ea9f4811,2025-04-04T18:17:35.806159
positive,9b23d894-84f6-4d8b-8efd-4ea72ee1a8e8,2025-03-25T21:10:51.630631
positive,042c1205-0352-4a2a-bd74-befdb73fb9df,2025-03-30T05:35:25.893429
positive,8f9c7c27-87b4-4ab7-83f6-26030429f286,2025-05-12T23:26:47.801523
positive,810bce84-36b0-43a7-835d-d1257a990d83,2025-05-11T02:44:29.973887
positive,2a3d4738-f23b-4ccf-8411-210a1f466b56,2025-05-04T19:32:44.761611
negative,114271b4-fc04-445d-bb27-e928516dbff7,2025-04-28T21:37:31.675131
negative,114271b4-fc04-445d-bb27-e928516dbff7,2025-04-28T21:37:32.064734
positive,8ace0822-6d2f-4ca7-b940-f5fd95a17e3a,2025-04-04T21:18:41.375926
positive,8ace0822-6d2f-4ca7-b940-f5fd95a17e3a,2025-04-04T21:18:41.444202
positive,761362d6-c82c-4395-b05c-acae479b16e5,2025-05-09T17:51:09.025551
positive,f1608392-6fd8-4e06-af86-f6d28a332b93,2025-04-08T00:57:47.860078
positive,80e23b90-8afb-4014-8d0f-0a4f46e3bf08,2025-04-03T21:34:54.993316
positive,fccfd554-e139-425f-aed8-f5f4a88d5491,2025-04-07T01:50:24.690886
positive,92e0677b-2ac8-4baf-a21a-84154d97d910,2025-04-04T07:01:00.187677
positive,41ce72e0-e979-4711-ab6c-fafe8b0f7702,2025-04-26T14:57:14.998257
positive,8ac7439e-2d89-4fe6-97e6-55e008a4b7c1,2025-03-26T03:47:03.981428
positive,3587d5e0-b29f-4398-9e76-c1751fe9f9f4,2025-04-17T04:22:00.827466
positive,1405a385-e33e-40d5-9e03-453b793987ad,2025-03-26T18:51:08.671972
positive,1eb2de8c-a4ed-4f48-a76f-404dbda00705,2025-04-16T20:29:29.493411
positive,97df040e-6eba-4dd3-814c-741d7f4d1b94,2025-04-01T23:59:10.887804
positive,3f1db6f3-ad38-4e73-8b3b-972371442f91,2025-04-08T14:27:50.291742
positive,c8170888-b52e-4189-a1df-c293bef0e3d5,2025-03-25T02:39:50.085459
positive,aa1c1738-307d-430e-8c4f-67c0f6155c15,2025-03-25T04:28:34.535502
negative,4b8be280-50e7-48d5-95ee-782c9f4e7976,2025-05-06T21:29:53.241098
positive,a49786dd-ba2f-4793-ba93-97cfb4679a8d,2025-04-03T22:19:27.013173
positive,a49786dd-ba2f-4793-ba93-97cfb4679a8d,2025-04-03T22:19:27.570940
positive,98b9fac8-ca4a-44c2-bbae-64cf3fb3cf02,2025-03-27T11:01:04.990980
negative,bbb4b612-24f9-411a-b29b-045f1019497d,2025-03-30T22:17:19.345416
positive,4f0d8184-3990-4e6a-b381-276510102f0c,2025-03-24T20:27:28.294151
positive,c62deeed-bda0-428c-8679-ee5342d7c5db,2025-04-14T04:00:40.409039
positive,e824a888-3354-4acf-99b4-ce3b045ced6c,2025-03-27T04:11:23.935581
positive,f1dfb230-1d72-41d8-b5ce-8614b24452a0,2025-04-03T02:48:01.118841
positive,f1dfb230-1d72-41d8-b5ce-8614b24452a0,2025-04-03T02:48:01.527617
positive,10c21429-42ac-4995-8926-9ab205a99ddb,2025-04-09T15:37:29.662874
positive,5ea73148-30a7-48a0-a878-8c7047846bff,2025-03-27T20:05:01.664612
positive,5ea73148-30a7-48a0-a878-8c7047846bff,2025-03-27T20:05:02.010269
positive,24eb02cb-4ddf-48bd-b240-6e0808401aa0,2025-04-11T12:29:53.872396
positive,2d241282-6557-4505-9f85-c713194ab361,2025-03-26T06:04:09.210060
positive,98308703-dbca-4559-8908-076bf047fc9d,2025-03-29T13:26:05.806864
positive,94da42e3-e523-4ad4-86e6-00dc35577d18,2025-04-16T13:54:30.782797
positive,a5d69a7d-18ad-4570-a95d-220bdf58d1da,2025-04-04T18:20:52.710349
positive,766a8ec3-f5f0-4382-91be-9199b710b3b2,2025-03-26T01:35:41.770200
positive,bb59707d-bb81-48f3-a9b8-d7c4fc6145e9,2025-05-07T01:16:45.075564
positive,758a136e-167c-4c15-866b-36f516361213,2025-05-08T04:55:12.278194
positive,3f6c1cde-4662-4732-9c66-6f429b2a985b,2025-03-30T23:18:42.368280
positive,7e04d638-5c16-4772-bfef-44681c1f8c08,2025-03-24T22:44:12.847186
positive,ee15f943-561d-4dd0-a0d0-451b3fdf85e7,2025-03-24T22:24:10.405125
positive,8069450a-dd95-4f51-9d05-8c282badca30,2025-04-25T04:52:59.081290
positive,2e544ad1-0dac-4c9e-8d15-70f702efafcb,2025-04-08T11:53:27.733955
positive,49f4493b-95c0-44bc-93ad-26c0877af427,2025-04-22T02:10:30.973560
positive,49f4493b-95c0-44bc-93ad-26c0877af427,2025-04-22T02:10:31.022293
positive,49f4493b-95c0-44bc-93ad-26c0877af427,2025-04-22T02:10:31.579002
positive,a261b5b5-24be-41d0-ba0f-154bfab45b83,2025-05-12T19:52:23.603972
positive,ad38f8f0-09ae-47cf-921a-f3f0355dd816,2025-04-14T22:40:57.920801
positive,1255e2d6-ad1f-430e-9268-102897865df3,2025-04-19T22:40:23.960798
positive,7bf2c2af-a435-4fdb-99e2-03041c4160f4,2025-04-13T01:28:06.498297
positive,1dd3196c-9cbc-4dfe-9f03-8825de5dc0fd,2025-04-26T02:26:21.623507
positive,6fad4997-0d4d-4ee1-a772-47f9fec4dfde,2025-04-27T23:27:25.716391
positive,bef0f405-23a8-4e1a-8342-ac7e8e30b66c,2025-03-26T21:01:57.533049
positive,90c02d7e-6e6d-4542-813e-55e9d08c2246,2025-03-26T21:38:07.281871
positive,aef3e323-bc95-4f2b-bab0-6a1ec6aacdc0,2025-05-08T13:26:46.551847
positive,eadb290b-3641-4ff0-8fcf-8dcb79532833,2025-04-23T00:31:47.918878
positive,4545ea4b-851c-4736-8e6e-a05239103755,2025-03-30T23:45:45.651490
negative,c411a424-a10b-467d-849c-e97d72730b3e,2025-04-15T00:00:06.238976
positive,46ddc156-a8d7-4140-9f79-54dd1469ac0a,2025-04-15T18:14:50.029600
positive,49d1e4f8-1ba9-4441-b5ab-267e2aa2ec44,2025-04-10T22:50:44.281378
positive,796b5e59-bfc0-4386-a2ce-2db8755aee95,2025-03-24T16:14:59.027317
positive,65f77a01-aa0c-470f-891c-79014ca4342e,2025-04-07T20:27:17.183489
positive,6e36e777-1857-4376-9956-cf75e818a415,2025-03-26T02:18:56.622898
positive,3153dad7-239e-4a1d-b6ab-3716b8464c3b,2025-04-15T17:52:49.912844
positive,0adde789-d30a-438c-a4f3-7bae7146a150,2025-04-03T22:22:34.253255
negative,e9b3ebd1-ee60-40a3-aa51-d23638ec389a,2025-05-12T23:22:33.795118
positive,9b64099f-fcf9-4015-bd55-7b676e6f43fc,2025-04-22T01:33:13.057238
positive,ab0efe72-b740-48dd-95be-5bdcd54173ae,2025-04-05T01:33:52.625001
negative,a2957181-4844-4a28-bbf2-e94d2a449567,2025-04-02T02:13:25.247966
positive,ef1e5a19-d293-42c0-b8a7-998c90c354c0,2025-04-13T17:52:44.375029
positive,8f55e14d-2f34-45a8-89d1-e5a03d866e11,2025-04-11T02:26:14.201551
positive,9433e828-a1bd-4368-b4d5-bdb0120d66bd,2025-04-12T13:19:13.261799
positive,e62ba1c0-6b82-4080-9206-28645af63f50,2025-05-12T02:35:33.666614
positive,f1230a51-48f6-49b3-96db-298d35fb5bff,2025-04-01T02:33:44.855301
negative,7e7518f1-b3f1-4e91-a627-8408aa17c1d1,2025-04-05T20:28:31.524208
negative,e4733bde-a35d-409d-93ca-518077fc5684,2025-05-09T00:48:47.158659
negative,1cc64510-0919-47e7-abd3-12519172b964,2025-03-30T15:18:19.840626
positive,32df324f-265c-471f-bbc8-72535cba844c,2025-04-21T06:07:00.645228
positive,6528b8c7-8820-4bc2-8b03-7c20d54a82f3,2025-03-31T22:58:14.146734
positive,b193e768-d1e8-41e4-80b3-23bc8ef74c24,2025-04-12T01:10:14.439840
positive,b193e768-d1e8-41e4-80b3-23bc8ef74c24,2025-04-12T01:10:14.567960
positive,b193e768-d1e8-41e4-80b3-23bc8ef74c24,2025-04-12T01:10:14.724446
positive,bc21ef8f-c74a-4535-b05c-606de3fce12a,2025-04-09T23:57:55.908221
positive,a3aeb96e-3e70-461a-aa08-0073dc658551,2025-03-25T04:19:52.398113
positive,ff804edc-0fed-4f04-8ea0-09a594d820bb,2025-04-08T01:00:21.304652
positive,14b7551a-eeda-4ab3-80b3-58e21e488700,2025-04-05T03:51:46.859801
positive,14b7551a-eeda-4ab3-80b3-58e21e488700,2025-04-05T03:51:47.464728
positive,97042ab6-8f37-4acd-ba2e-3b8c309c9a6c,2025-04-26T20:04:45.303918
negative,4beece63-3348-48c4-ab2c-0ee302bb2321,2025-03-26T23:50:56.863344
negative,979f2d72-e893-45da-b0db-9ebb270f60ef,2025-04-04T16:45:30.680367
negative,979f2d72-e893-45da-b0db-9ebb270f60ef,2025-04-04T16:45:31.390532
positive,ecda11c9-e1c0-4300-a1b1-30f1e85f3553,2025-05-10T01:45:55.178715
positive,be42f076-3595-4c4d-9de2-6567813a70be,2025-04-22T18:48:55.576902
positive,eab26274-e578-4f8e-833d-ea24208606e1,2025-04-12T17:09:10.135605
