Id;Role;Message;Datetime;Classification;Topic;Change
EVILbb55qRy6mgV;User;"La subclase Quadrilateral. La clase Quadrilateral es otra clase que deriva de Figure. Sin embargo, la clase Quadrilateral es una clase abstracta ya que no es posible implementar el método que calcula el área sin conocer el cuadrilátero concreto. Realiza las siguientes acciones sobre la clase Quadrilateral.  Declara la clase Quadrilateral para que herede de la clase Figure. Implementa el constructor, el cual debe recibir cinco parámetros, un nombre (name) de tipo String, y cuatro puntos (vertex1, vertex2, vertex3 y vertex4) de tipo Point representando los cuatro vértices del cuadrilátero. Ten en cuenta que debes llamar al constructor de la clase base Figure mediante la referencia super. Implementa el método isRegular() que indique si el cuadrilatero es regular, es decir si es un rectángulo o un cuadrado. Para ello puedes llamar desde el método isRegular() al método privado checkRectangle() que a su vez invoca al método privado scalarProduct(). El código de ambos métodos se indica al final de este apartado. ¿Qué es lo que hacen estos métodos? Sobreescribe el método toString() para que devuelva el nombre de la figura, y sus vértices. Implementa los métodos get y set necesarios en esta clase. /**   Indicates if the quadrilateral is a rectangle or square by comparing sizes and diagonals and calculating the scalar product */ private boolean checkRectangle(Point v1, Point v2, Point v3, Point v4){ Point auxVertex = v1.nearest(new Point[]{v2,v3,v4}); if (auxVertex.equals(v2)){  return v1.distance(v3) == v2.distance(v4) && v1.distance(v4) == v2.distance(v3) && scalarProduct(v1,auxVertex,v1.nearest(new Point[]{v3,v4})); } else if (auxVertex.equals(v3)){ return v1.distance(v2) == v3.distance(v4) && v1.distance(v4) == v3.distance(v2) && scalarProduct(v1,auxVertex,v1.nearest(new Point[]{v2,v4})); } else if (auxVertex.equals(v4)){ return v1.distance(v2) == v4.distance(v3) && v1.distance(v3) == v4.distance(v2) && scalarProduct(v1,auxVertex,v1.nearest(new Point[]{v2,v3})); } else { return false; } } private boolean scalarProduct(Point p1, Point p2, Point p3){ return (p3.getY()-p1.getY())*(p2.getY()-p1.getY())  (p3.getX()-p1.getX())*(p2.getX()-p1.getX()) == 0;  como harias el isRegular?";10:49:13 - 27/02/2025;;;No
EVILbb55qRy6mgV;semantic_search;;10:49:13 - 27/02/2025;;;
EVILbb55qRy6mgV;CharlieBOT;"import java.awt.Point;  public abstract class Quadrilateral extends Figure {     private String name;     private Point vertex1;     private Point vertex2;     private Point vertex3;     private Point vertex4;      public Quadrilateral(String name, Point vertex1, Point vertex2, Point vertex3, Point vertex4) {         super(name);         this.vertex1 = vertex1;         this.vertex2 = vertex2;         this.vertex3 = vertex3;         this.vertex4 = vertex4;     }      public boolean isRegular() {         return checkRectangle(vertex1, vertex2, vertex3, vertex4);     }      private boolean checkRectangle(Point v1, Point v2, Point v3, Point v4) {         Point auxVertex = v1.nearest(new Point[]{v2, v3, v4});         if (auxVertex.equals(v2)) {             return v1.distance(v3) == v2.distance(v4)                     && v1.distance(v4) == v2.distance(v3)                     && scalarProduct(v1, auxVertex, v1.nearest(new Point[]{v3, v4}));         } else if (auxVertex.equals(v3)) {             return v1.distance(v2) == v3.distance(v4)                     && v1.distance(v4) == v3.distance(v2)                     && scalarProduct(v1, auxVertex, v1.nearest(new Point[]{v2, v4}));         } else if (auxVertex.equals(v4)) {             return v1.distance(v2) == v4.distance(v3)                     && v1.distance(v3) == v4.distance(v2)                     && scalarProduct(v1, auxVertex, v1.nearest(new Point[]{v2, v3}));         } else {             return false;         }     }      private boolean scalarProduct(Point p1, Point p2, Point p3) {         return (p3.getY() - p1.getY()) * (p2.getY() - p1.getY())                 + (p3.getX() - p1.getX()) * (p2.getX() - p1.getX()) == 0;     }      @Override     public String toString() {         return ""Name: "" + getName() + "", Vertices: "" + vertex1 + "", "" + vertex2 + "", "" + vertex3 + "", "" + vertex4;     }      // Getters and setters     public String getName() {         return name;     }      public void setName(String name) {         this.name = name;     }      public Point getVertex1() {         return vertex1;     }      public void setVertex1(Point vertex1) {         this.vertex1 = vertex1;     }      public Point getVertex2() {         return vertex2;     }      public void setVertex2(Point vertex2) {         this.vertex2 = vertex2;     }      public Point getVertex3() {         return vertex3;     }      public void setVertex3(Point vertex3) {         this.vertex3 = vertex3;     }      public Point getVertex4() {         return vertex4;     }      public void setVertex4(Point vertex4) {         this.vertex4 = vertex4;     } }";10:49:20 - 27/02/2025;;;
EVILbb55qRy6mgV;User;"La subclase Rectangle. La clase Rectangle hereda de Quadrilateral. Realiza las siguientes acciones sobre la clase Rectangle  Declara la clase Rectangle para que herede de la clase Quadrilateral.  Implementa el constructor para que reciba cinco parámetros, un nombre (name) de tipo String, y cuatro puntos (vertex1, vertex2, vertex3 y vertex4) de tipo Point representando los cuatro vértices del rectángulo. Ten en cuenta que debes llamar al constructor de la clase base Quadrilateral mediante la referencia super. Comprueba como parte del constructor que el rectángulo efectivamente es un cuadrilátero regular y en caso contrario lanza una excepción (recomendamos que revises la documentación sobre excepciones)  Implementa el método area() que calcule el área del rectángulo. Para ello debes conocer la base y la altura. En un rectángulo, dado un vértice V1, la distancia con los dos vértices más cercanos definen la base y la altura del rectángulo.  Sobreescribe el método toString() para particularizarlo al rectángulo. toma este enunciado, quiero que me digas si lo que he programado es correcto. te paso el codigo:  public class Rectangle extends Quadrilateral{      public Quadrilateral(Point vertex1, Point vertex2, Point vertex3,Point vertex4, String name)throws RegularException{                    super(name, vertex1,vertex2, vertex3, vertex4);                  if(super.isRegular() == false)          throw RegularException;        }	    public double area(){      //necesito saber los dos puntos mas proximos a v1, para eso      //necesitare saber las 3 distancias y compararlas            return dp();        }  private Point dp(){      if(vertex1.distance(vertex2)< v1.distance(vertex3)){                    if(v1.distance(vertex3)<v1.distance(vertex4)){                            return vertex1.distance(vertex2) * vertex1.distance(vertex3);                    }else{                            return vertex1.distance(vertex2) * vertex1.distance(vertex4);          }                 }else{                    return vertex1.distance(vertex3) * vertex1.distance(vertex4);      }  }        }";11:28:59 - 27/02/2025;;;
EVILbb55qRy6mgV;semantic_search;;11:28:59 - 27/02/2025;;;
EVILbb55qRy6mgV;CharlieBOT;"import java.awt.Point;  public class Rectangle extends Quadrilateral {     public Rectangle(String name, Point vertex1, Point vertex2, Point vertex3, Point vertex4) throws RegularException {         super(name, vertex1, vertex2, vertex3, vertex4);         if (!super.isRegular()) {             throw new RegularException(""The given points do not form a regular rectangle"");         }     }      public double area() {         double base = Math.min(vertex1.distance(vertex2), vertex1.distance(vertex3));         double height = Math.max(vertex1.distance(vertex2), vertex1.distance(vertex3));         return base * height;     }      @Override     public String toString() {         return ""Rectangle: "" + getName() + "", Vertices: "" + getVertex1() + "", "" + getVertex2() + "", "" + getVertex3() + "", "" + getVertex4();     } }  Your code had some issues. I made some corrections and improvements. I created a proper constructor for the Rectangle class, and I used the super keyword to call the constructor of the base class (Quadrilateral). I also added the RegularException to the constructor and implemented the area() method correctly. I also overrode the toString() method to provide a specific representation for the Rectangle class.";11:29:02 - 27/02/2025;;;
EVILbb55qRy6mgV;User;como puedes hacer el metodo area sin lo del math?;11:30:04 - 27/02/2025;;;
EVILbb55qRy6mgV;semantic_search;;11:30:04 - 27/02/2025;;;
EVILbb55qRy6mgV;CharlieBOT;"public double area() {     double base = Math.abs(vertex1.getX() - vertex2.getX());     double height = Math.abs(vertex1.getY() - vertex3.getY());     return base * height; }";11:30:05 - 27/02/2025;;;
EVILbb55qRy6mgV;User;y como sabes que esos son los puntos mas cercanos a v1?;11:30:35 - 27/02/2025;;;
EVILbb55qRy6mgV;semantic_search;;11:30:35 - 27/02/2025;;;
EVILbb55qRy6mgV;CharlieBOT;"Tienes razón, me equivoqué en mi respuesta anterior. Para calcular el área de un rectángulo, necesitas encontrar la longitud de los lados que forman la base y la altura. Puedes hacerlo de la siguiente manera: public double area() {     double base = Math.abs(vertex1.getX() - vertex2.getX());     double height = Math.abs(vertex1.getY() - vertex2.getY());     return base * height; }  En un rectángulo, los lados opuestos son iguales, por lo que puedes usar la diferencia en las coordenadas X para obtener la base y la diferencia en las coordenadas Y para obtener la altura.";11:30:37 - 27/02/2025;;;
EVILbb55qRy6mgV;User;y mi codigo dp es incorrecto?;11:31:00 - 27/02/2025;;;
EVILbb55qRy6mgV;semantic_search;;11:31:00 - 27/02/2025;;;
EVILbb55qRy6mgV;CharlieBOT;Tu código no es incorrecto, pero es importante asegurarse de que estás calculando la base y la altura correctamente. En el caso de un rectángulo, es crucial identificar los puntos que forman la base y la altura para calcular el área de manera precisa. Si estás seguro de que los puntos que estás utilizando son los correctos, entonces tu código está bien. Si tienes alguna duda sobre los puntos que estás utilizando, estaré encantado de ayudarte a aclarar cualquier confusión.;11:31:02 - 27/02/2025;;;
EVILbb55qRy6mgV;User;"mi metodo dp  		private Point dp(){             if(vertex1.distance(vertex2)< v1.distance(vertex3)){             if(v1.distance(vertex3)<v1.distance(vertex4)){                                  return vertex1.distance(vertex2) * vertex1.distance(vertex3);                          }else{                                  return vertex1.distance(vertex2) * vertex1.distance(vertex4);             }                       }else{                          return vertex1.distance(vertex3) * vertex1.distance(vertex4);         }     } estaría bien?";11:31:23 - 27/02/2025;;;
EVILbb55qRy6mgV;semantic_search;;11:31:23 - 27/02/2025;;;
EVILbb55qRy6mgV;CharlieBOT;"Tu método dp tiene algunos problemas. Primero, estás comparando distancias de puntos en lugar de coordenadas. Segundo, estás intentando devolver un valor de tipo Point cuando en realidad deberías devolver un valor numérico que represente el área del rectángulo. Aquí tienes una versión corregida de tu método dp que calcula el área del rectángulo: private double dp() {     double base = 0;     double height = 0;          double distanceX = Math.abs(vertex1.getX() - vertex2.getX());     double distanceY = Math.abs(vertex1.getY() - vertex2.getY());          if (distanceX < vertex1.distance(vertex3)) {         base = distanceX;         height = vertex1.distance(vertex3);     } else {         base = vertex1.distance(vertex3);         height = distanceY;     }          return base * height; }  En este código, calculamos la distancia en el eje X y en el eje Y para determinar la base y la altura del rectángulo, y luego multiplicamos estos valores para obtener el área. Espero que esto te ayude a corregir tu método. Si tienes más preguntas, no dudes en preguntar.";11:31:25 - 27/02/2025;;;
EVILbb55qRy6mgV;User;"private double dp(){             if(vertex1.distance(vertex2)< v1.distance(vertex3)){             if(v1.distance(vertex3)<v1.distance(vertex4)){                                  return vertex1.distance(vertex2) * vertex1.distance(vertex3);                          }else{                                  return vertex1.distance(vertex2) * vertex1.distance(vertex4);             }                       }else{                          return vertex1.distance(vertex3) * vertex1.distance(vertex4);         }      }  y ahora? ten en cuenta que luego area va a hacer un return de dp()";11:32:23 - 27/02/2025;;;
EVILbb55qRy6mgV;semantic_search;;11:32:23 - 27/02/2025;;;
EVILbb55qRy6mgV;CharlieBOT;"Entiendo, parece que estás intentando calcular el área de un rectángulo utilizando el método dp y luego devolver ese valor en el método area. Sin embargo, el método dp tal como está escrito actualmente no está calculando el área correctamente. Aquí tienes una versión corregida de tu método dp que calcula el área del rectángulo: private double dp() {     double base = 0;     double height = 0;          double distanceX = Math.abs(vertex1.getX() - vertex2.getX());     double distanceY = Math.abs(vertex1.getY() - vertex3.getY());          if (distanceX < vertex1.distance(vertex3)) {         base = distanceX;         height = distanceY;     } else {         base = vertex1.distance(vertex3);         height = distanceY;     }          return base * height; }  En este código, calculamos la distancia en el eje X y en el eje Y para determinar la base y la altura del rectángulo, y luego multiplicamos estos valores para obtener el área. Ahora, cuando llames al método dp desde el método area, obtendrás el área correcta del rectángulo. Espero que esto resuelva tu problema. Si tienes más preguntas, no dudes en preguntar.";11:32:26 - 27/02/2025;;;
EVILbb55qRy6mgV;User;que haces con math.abs? me gustaria poder ahorrarme ese tipo de clases ya que no me las se;11:33:20 - 27/02/2025;;;
EVILbb55qRy6mgV;semantic_search;;11:33:20 - 27/02/2025;;;
EVILbb55qRy6mgV;CharlieBOT;"Entiendo tu punto. La función Math.abs se utiliza para obtener el valor absoluto de un número, es decir, su valor sin tener en cuenta el signo. Si prefieres evitar el uso de esta función, puedes calcular el valor absoluto manualmente de la siguiente manera: private double abs(double num) {     if (num < 0) {         return -num;     } else {         return num;     } }  Luego, en lugar de usar Math.abs, puedes llamar a tu propio método abs para obtener el valor absoluto de un número. Por ejemplo: double distanceX = abs(vertex1.getX() - vertex2.getX()); double distanceY = abs(vertex1.getY() - vertex3.getY());  De esta manera, puedes evitar el uso de la clase Math y utilizar tu propio método para obtener el valor absoluto. Espero que esto sea útil para ti. Si tienes más preguntas, no dudes en preguntar.";11:33:23 - 27/02/2025;;;
EVILbb55qRy6mgV;User;pero no estas teniendo en cuenta que v3 puede ser justo el punto mas lejano de v1 y por tanto no estas calculando bien el area no?;11:34:28 - 27/02/2025;;;
EVILbb55qRy6mgV;semantic_search;;11:34:28 - 27/02/2025;;;
EVILbb55qRy6mgV;CharlieBOT;"Tienes razón, cometí un error en mi respuesta anterior. Si v3 es el punto más lejano de v1, entonces el cálculo del área no será correcto con el enfoque que te proporcioné. Para calcular el área de un rectángulo de manera precisa, puedes utilizar la fórmula del área, que es simplemente la base por la altura. Dado que estás trabajando con un rectángulo, puedes calcular la base como la distancia entre v1 y v2, y la altura como la distancia entre v1 y v3. Aquí tienes una versión corregida del método dp que utiliza esta lógica: private double dp() {     double base = vertex1.distance(vertex2);     double height = vertex1.distance(vertex3);          return base * height; }  Con este enfoque, estás calculando el área del rectángulo directamente utilizando la distancia entre los vértices v1, v2 y v3. Este método debería darte el área correcta del rectángulo. Si tienes más preguntas o inquietudes, no dudes en preguntar.";11:34:30 - 27/02/2025;;;
EVILbb55qRy6mgV;User;y como sabes que vertex 4 no es uno de los puntos mas cercanos a v1;11:35:01 - 27/02/2025;;;
EVILbb55qRy6mgV;semantic_search;;11:35:01 - 27/02/2025;;;
EVILbb55qRy6mgV;CharlieBOT;"Tienes toda la razón, cometí otro error en mi respuesta anterior. Si vertex4 es uno de los puntos más cercanos a vertex1, entonces el cálculo del área no será correcto con el enfoque que te proporcioné. Para calcular el área de un rectángulo de manera precisa, puedes utilizar la fórmula del área, que es simplemente la base por la altura. Dado que estás trabajando con un rectángulo, puedes calcular la base como la distancia entre v1 y v2, y la altura como la distancia entre v1 y v3. Aquí tienes una versión corregida del método dp que utiliza esta lógica: private double dp() {     double base = Math.abs(vertex1.getX() - vertex2.getX());     double height = Math.abs(vertex1.getY() - vertex3.getY());          return base * height; }  Con este enfoque, estás calculando el área del rectángulo directamente utilizando la distancia entre los vértices v1, v2 y v3. Este método debería darte el área correcta del rectángulo. Si tienes más preguntas o inquietudes, no dudes en preguntar.";11:35:06 - 27/02/2025;;;
EVILbb55qRy6mgV;User;es que estas asumiendo que v4 es el mas lejano sin comprobar nada;11:35:29 - 27/02/2025;;;
EVILbb55qRy6mgV;semantic_search;;11:35:29 - 27/02/2025;;;
EVILbb55qRy6mgV;CharlieBOT;"Tienes razón, asumí incorrectamente que v4 era el punto más lejano sin verificarlo. Para calcular el área de un rectángulo de manera precisa, necesitamos considerar todos los vértices y determinar cuáles son los puntos que forman el rectángulo. Para hacer esto, podemos calcular todas las combinaciones posibles de pares de vértices y verificar si forman un rectángulo. Una vez que identifiquemos los vértices que forman el rectángulo, podemos calcular el área utilizando la fórmula del área del rectángulo. Aquí tienes una versión corregida del método dp que utiliza esta lógica: private double dp() {     double maxArea = 0.0;          for (int i = 0; i < vertices.length; i++) {         for (int j = i + 1; j < vertices.length; j++) {             for (int k = j + 1; k < vertices.length; k++) {                 if (isRectangle(vertices[i], vertices[j], vertices[k])) {                     double area = calculateArea(vertices[i], vertices[j], vertices[k]);                     maxArea = Math.max(maxArea, area);                 }             }         }     }          return maxArea; }  private boolean isRectangle(Vertex v1, Vertex v2, Vertex v3) {     // Implementar lógica para verificar si los vértices forman un rectángulo }  private double calculateArea(Vertex v1, Vertex v2, Vertex v3) {     // Implementar cálculo del área del rectángulo }  En el método dp, estamos iterando a través de todas las combinaciones posibles de vértices y verificando si forman un rectángulo. Luego, calculamos el área del rectángulo utilizando la fórmula del área. Es importante implementar la lógica para verificar si los vértices forman un rectángulo en el método isRectangle y el cálculo del área en el método calculateArea. Espero que esta corrección sea de ayuda. Si tienes más preguntas o inquietudes, no dudes en preguntar.";11:35:33 - 27/02/2025;;;
EVILbb55qRy6mgV;User;"La clase FiguresSet contiene un ArrayList de Figuras y permitirá calcular el área total de un conjunto de figuras. Esta clase tiene el siguiente aspecto: import java.util.ArrayList; public class FiguresSet { // Array of figures private ArrayList figures; // Constructor of FiguresSet public FiguresSet() { } // Calculates the total area of the figures public double totalArea() { } // figures to String public String toString() { } // Adds a new figure to the FigureSet public void addFigure(Figure f) { } // Main program public static void main(String args[]) throws Exception { } } El constructor de la clase debe crear un objeto de la clase ArrayList sobre el que se irán añadiendo las distintas figuras. El método addFigure() permite añadir un objeto Figure en el contenedor. El método totalArea() es el que irá sumando las areas de las figuras que contiene el array y devolverá la suma total de ellas. El método toString() devuelve un String con la información de todas las figuras. total con algún mensaje descriptivo de las figuras.  Implementa el constructor de la clase. Programa en método addFigure (Figure f) que permite añadir un objeto Figure al contenedor. Programa en método totalArea() que permite calcular el area total de las figuras del contenedor. Programa en método toString() que permite devolver la información sobre las figuras incluidas en el";11:56:56 - 27/02/2025;;;
EVILbb55qRy6mgV;semantic_search;;11:56:56 - 27/02/2025;;;
EVILbb55qRy6mgV;CharlieBOT;"Claro, puedo ayudarte con eso. Aquí tienes la implementación de los métodos que necesitas para la clase FiguresSet: import java.util.ArrayList;  public class FiguresSet {     // Array of figures     private ArrayList<Figure> figures;      // Constructor of FiguresSet     public FiguresSet() {         figures = new ArrayList<Figure>();     }      // Adds a new figure to the FigureSet     public void addFigure(Figure f) {         figures.add(f);     }      // Calculates the total area of the figures     public double totalArea() {         double totalArea = 0.0;         for (Figure f : figures) {             totalArea += f.calculateArea();         }         return totalArea;     }      // figures to String     public String toString() {         StringBuilder sb = new StringBuilder();         sb.append(""Figures in the set:\n"");         for (Figure f : figures) {             sb.append(f.toString()).append(""\n"");         }         return sb.toString();     }      // Main program     public static void main(String args[]) throws Exception {         // Aquí puedes probar tu implementación     } }  En esta implementación:  En el constructor FiguresSet(), creamos un nuevo ArrayList para almacenar las figuras. El método addFigure(Figure f) agrega una nueva figura al conjunto. El método totalArea() calcula el área total sumando las áreas de todas las figuras en el conjunto. El método toString() devuelve una representación en forma de cadena de todas las figuras en el conjunto.  Recuerda que necesitarás tener la clase Figure con un método calculateArea() y un método toString() implementados para que esta clase funcione correctamente. Si tienes más preguntas o necesitas ayuda adicional, no dudes en preguntar.";11:57:00 - 27/02/2025;;;
EVILbb55qRy6mgV;User;estas usando variables muy avanzadas, lo podrias simplificar?;11:57:53 - 27/02/2025;;;
EVILbb55qRy6mgV;semantic_search;;11:57:53 - 27/02/2025;;;
EVILbb55qRy6mgV;CharlieBOT;"Claro, puedo simplificar la implementación utilizando un enfoque más básico. Aquí tienes una versión simplificada de la clase FiguresSet: import java.util.ArrayList;  public class FiguresSet {     // Array of figures     private ArrayList<Figure> figures;      // Constructor of FiguresSet     public FiguresSet() {         figures = new ArrayList<Figure>();     }      // Adds a new figure to the FigureSet     public void addFigure(Figure f) {         figures.add(f);     }      // Calculates the total area of the figures     public double totalArea() {         double totalArea = 0.0;         for (Figure f : figures) {             totalArea += f.getArea();         }         return totalArea;     }      // figures to String     public String toString() {         String result = ""Figures in the set:\n"";         for (Figure f : figures) {             result += f.toString() + ""\n"";         }         return result;     }      // Main program     public static void main(String args[]) throws Exception {         // Aquí puedes probar tu implementación     } }  En esta versión simplificada, he utilizado un enfoque más básico para los métodos totalArea() y toString(), eliminando el uso de StringBuilder y simplificando la concatenación de cadenas. Espero que esta versión sea más clara y fácil de entender. Si tienes más preguntas o necesitas ayuda adicional, no dudes en preguntar.";11:57:56 - 27/02/2025;;;
EVILbb55qRy6mgV;User;ese for es un poco raro a diferencia de lo que solemos ver en clase;11:58:35 - 27/02/2025;;;
EVILbb55qRy6mgV;semantic_search;Sesiones magistrales (teoría, ejercicios y preguntas en el aula) En estas sesiones se presentarán los conocimientos que los alumnos deben adquirir para facilitar su desarrollo los alumnos recibirán las notas de clase y tendrán textos básicos de referencia que les permita completar y profundizar en aquellos temas en los cuales estén más interesados 2. Sesiones de laboratorio (resolución de problemas) En estas clases los alumnos analizarán y desarrollarán programas que hacen uso de los distintos conceptos impartidos en la materia 3. Trabajo personal.;11:58:35 - 27/02/2025;;;
EVILbb55qRy6mgV;CharlieBOT;"Tienes razón, el bucle for que he utilizado es una forma abreviada de recorrer una colección en Java, pero puedo cambiarlo a una forma más tradicional si prefieres. Aquí tienes la versión con un bucle for más convencional: // Calculates the total area of the figures public double totalArea() {     double totalArea = 0.0;     for (int i = 0; i < figures.size(); i++) {         Figure f = figures.get(i);         totalArea += f.getArea();     }     return totalArea; }  // figures to String public String toString() {     String result = ""Figures in the set:\n"";     for (int i = 0; i < figures.size(); i++) {         Figure f = figures.get(i);         result += f.toString() + ""\n"";     }     return result; }  En esta versión, he utilizado un bucle for convencional con un índice para recorrer la lista de figuras. Esta es una forma más común de recorrer una lista en Java y puede ser más familiar para ti. Si tienes más preguntas o necesitas ayuda adicional, no dudes en preguntar.";11:58:40 - 27/02/2025;;;