Id;Role;Message;Datetime;Classification
o1cVBTlROWH0Qcw;User;que es un bytecode?;16:37:06 - 25/06/2024;Conceptual Questions
o1cVBTlROWH0Qcw;semantic_search;;16:37:06 - 25/06/2024;
o1cVBTlROWH0Qcw;CharlieBOT;"Un bytecode es un conjunto de instrucciones que está diseñado para ser ejecutado por una máquina virtual. En el contexto de Java, el bytecode es el resultado de compilar un programa escrito en Java y es el código que la máquina virtual de Java ejecuta. El bytecode es independiente de la plataforma, lo que significa que puede ser ejecutado en cualquier dispositivo que tenga una máquina virtual de Java. Esto es posible gracias al concepto de ""write once, run anywhere"" (escribir una vez, ejecutar en cualquier lugar) que es una de las ventajas de Java.";16:37:08 - 25/06/2024;
o1cVBTlROWH0Qcw;User;a . Los bytecodes son la representación intermedia del código fuente Java y son ejecutados por la JVM (Java Virtual Machine). b. Los bytecodes son archivos de código fuente en Java. c. Los bytecodes son ejecutados directamente por la CPU. d. Los bytecodes son solo utilizados durante la fase de compilación en Java.;16:37:35 - 25/06/2024;Multiple Question Exercise
o1cVBTlROWH0Qcw;semantic_search;;16:37:35 - 25/06/2024;
o1cVBTlROWH0Qcw;CharlieBOT;La respuesta correcta es: a. Los bytecodes son la representación intermedia del código fuente Java y son ejecutados por la JVM (Java Virtual Machine). Los bytecodes son la representación intermedia del código fuente Java y son ejecutados por la JVM (Java Virtual Machine) en lugar de ser ejecutados directamente por la CPU.;16:37:36 - 25/06/2024;
o1cVBTlROWH0Qcw;User;Cual es la correcta?;16:37:47 - 25/06/2024;Multiple Question Exercise
o1cVBTlROWH0Qcw;semantic_search;;16:37:47 - 25/06/2024;
o1cVBTlROWH0Qcw;CharlieBOT;La respuesta correcta es: a. Los bytecodes son la representación intermedia del código fuente Java y son ejecutados por la JVM (Java Virtual Machine).;16:37:48 - 25/06/2024;
o1cVBTlROWH0Qcw;User;a. Una clase abstracta no puede ser instanciada directamente. b. Una clase abstracta puede tener todos sus métodos implementados. c. Una clase abstracta tiene todos sus atributos definidos como final y static. d. La clase hija de una clase abstracta, no puede ser abstracta.;16:39:11 - 25/06/2024;Multiple Question Exercise
o1cVBTlROWH0Qcw;semantic_search;;16:39:11 - 25/06/2024;
o1cVBTlROWH0Qcw;CharlieBOT;La respuesta correcta es: a. Una clase abstracta no puede ser instanciada directamente. Una clase abstracta no puede ser instanciada directamente, es decir, no se pueden crear objetos directamente a partir de una clase abstracta.;16:39:12 - 25/06/2024;
o1cVBTlROWH0Qcw;User;"public class A {
  public static int varA = 0;
}
public class B extends A {
  public static void main(String[] args) {
    A.varA = 2;
    B a3 = new B();
    B.varA = 3;
    System.out.println(A.varA);
  }
}
por que el resultado es 3?";16:47:18 - 25/06/2024;Debugging Help
o1cVBTlROWH0Qcw;semantic_search;;16:47:18 - 25/06/2024;
o1cVBTlROWH0Qcw;CharlieBOT;El resultado es 3 porque la variable varA es estática, lo que significa que es compartida por todas las instancias de la clase B y por la clase A. Cuando se modifica B.varA = 3, se está modificando la misma variable que A.varA, ya que ambas hacen referencia a la misma variable estática. Por lo tanto, al imprimir A.varA, el resultado es 3. Es importante tener en cuenta que las variables estáticas son compartidas por todas las instancias de una clase y por la clase misma, por lo que cualquier modificación se reflejará en todas las instancias y en la clase.;16:47:20 - 25/06/2024;
o1cVBTlROWH0Qcw;User;que hace protected en atributos;16:51:12 - 25/06/2024;Conceptual Questions
o1cVBTlROWH0Qcw;semantic_search;;16:51:12 - 25/06/2024;
o1cVBTlROWH0Qcw;CharlieBOT;"El modificador ""protected"" en un atributo en Java significa que el atributo es accesible dentro de la misma clase, en las clases del mismo paquete y en las clases hijas (subclases) de la clase que contiene el atributo. Esto permite que las clases hijas puedan acceder y modificar el atributo protegido, pero no permite el acceso desde clases que no estén en el mismo paquete y que no sean subclases de la clase que contiene el atributo protegido. En resumen, el modificador ""protected"" permite un nivel de visibilidad que abarca la clase, las clases del mismo paquete y las clases hijas.";16:51:14 - 25/06/2024;
o1cVBTlROWH0Qcw;User;"public int method() {
  try {
    int leftTree = getLeft().method ();
    int rightTree = getRight().method();
    return 1 + Math.max(leftTree, rightTree);
  }catch (BTreeException e) {
    return 1;
  }
}
que devuelve este metodo?";16:55:33 - 25/06/2024;Debugging Help
o1cVBTlROWH0Qcw;semantic_search;;16:55:33 - 25/06/2024;
o1cVBTlROWH0Qcw;CharlieBOT;Este método realiza un cálculo recursivo para encontrar la altura de un árbol binario. Devolverá el valor de la altura del árbol binario, que se calcula como 1 más el máximo entre la altura del subárbol izquierdo y la altura del subárbol derecho. Si se produce una excepción de tipo BTreeException durante la ejecución del método getLeft().method() o getRight().method(), el método capturará la excepción y devolverá 1. En resumen, este método devuelve la altura del árbol binario o 1 si se produce una excepción.;16:55:35 - 25/06/2024;
o1cVBTlROWH0Qcw;User;"public class A {
  private int a;
  private int b;
  public A(int a, int b) {
    this.a = a;
    this.b = b;
  }
  public A(int a) {
    this(a, 1);
  }
  public A() {
    this(1);
  }
  public String toString() {
    return """" + a + "","" + b;
  }
}";18:13:38 - 25/06/2024;Debugging Help
o1cVBTlROWH0Qcw;semantic_search;;18:13:38 - 25/06/2024;
o1cVBTlROWH0Qcw;CharlieBOT;"El código que has proporcionado define una clase llamada ""A"" con tres constructores y un método ""toString"".  El primer constructor toma dos parámetros ""a"" y ""b"" e inicializa los atributos de la clase con esos valores. El segundo constructor toma un parámetro ""a"" y llama al primer constructor pasando ""a"" como argumento y estableciendo ""b"" en 1. El tercer constructor no toma parámetros y llama al segundo constructor pasando 1 como argumento.  El método ""toString"" devuelve una representación en forma de cadena de los valores de ""a"" y ""b"" separados por una coma. Si necesitas ayuda con algo más, no dudes en preguntar.";18:13:41 - 25/06/2024;
o1cVBTlROWH0Qcw;User;"public E dequeue(){
  E info;
  if (!isEmpty()) {
    info = head.getInfo();
    head = head.getNext();
    size--;
  } else {
    info = null;
  }
  return info;
}";18:16:48 - 25/06/2024;Debugging Help
o1cVBTlROWH0Qcw;semantic_search;;18:16:48 - 25/06/2024;
o1cVBTlROWH0Qcw;CharlieBOT;"El código que has proporcionado parece ser un método de una estructura de datos tipo cola. El método ""dequeue"" parece ser utilizado para eliminar y devolver el elemento en la parte delantera de la cola. Aquí hay un desglose del código:  Se declara una variable ""info"" de tipo genérico E para almacenar el elemento que se eliminará y devolverá. Se verifica si la cola no está vacía utilizando el método ""isEmpty()"". Si la cola no está vacía, se obtiene la información del nodo en la parte delantera de la cola, se actualiza la referencia ""head"" para que apunte al siguiente nodo, se reduce el tamaño de la cola y se devuelve la información obtenida. Si la cola está vacía, se establece ""info"" en null y se devuelve.  Es importante tener en cuenta que el código asume la existencia de métodos como ""isEmpty()"", ""getInfo()"" y ""getNext()"" que no están presentes en el código proporcionado. Además, el tipo genérico E debe estar definido en algún lugar del código. Si necesitas más ayuda con este código o cualquier otra cosa, no dudes en preguntar.";18:16:53 - 25/06/2024;
o1cVBTlROWH0Qcw;User;es mas eficiente un metodo O(log n) o O(n al cuadrado);18:42:02 - 25/06/2024;Conceptual Questions
o1cVBTlROWH0Qcw;semantic_search;;18:42:02 - 25/06/2024;
o1cVBTlROWH0Qcw;CharlieBOT;Un algoritmo con complejidad O(log n) es más eficiente que un algoritmo con complejidad O(n^2), especialmente para conjuntos de datos grandes. La complejidad O(log n) indica que el tiempo de ejecución del algoritmo crece de forma logarítmica con el tamaño de los datos. Esto significa que a medida que el tamaño de los datos aumenta, el tiempo de ejecución del algoritmo aumenta de manera mucho más lenta en comparación con la complejidad O(n^2). En resumen, un algoritmo con complejidad O(log n) es más eficiente en términos de tiempo de ejecución que un algoritmo con complejidad O(n^2), especialmente para conjuntos de datos grandes. Si tienes más preguntas sobre complejidad algorítmica o cualquier otro tema relacionado con la programación, no dudes en preguntar.;18:42:05 - 25/06/2024;
o1cVBTlROWH0Qcw;User;NullPointerException;18:44:12 - 25/06/2024;Debugging Help
o1cVBTlROWH0Qcw;semantic_search;;18:44:12 - 25/06/2024;
o1cVBTlROWH0Qcw;CharlieBOT;"La excepción NullPointerException ocurre cuando intentas acceder a un objeto o llamar a un método en una referencia de objeto que es null. Esto puede suceder cuando intentas acceder a un método o propiedad de un objeto que no ha sido inicializado o que ha sido establecido en null. Por ejemplo, en el código que proporcionaste anteriormente, si el método ""getInfo()"" se llama en un nodo que es null, podría lanzar una NullPointerException. Para evitar esta excepción, es importante verificar si un objeto es null antes de intentar acceder a sus métodos o propiedades. Aquí hay un ejemplo de cómo podrías evitar una NullPointerException al verificar si un objeto es null antes de acceder a sus propiedades: if (head != null) {     info = head.getInfo();     head = head.getNext();     size--; } else {     info = null; }  Al realizar esta verificación, te aseguras de que no se intentará acceder a métodos en un objeto null, lo que ayudará a prevenir la excepción NullPointerException. Si necesitas más ayuda con este tema o cualquier otra pregunta, no dudes en preguntar.";18:44:16 - 25/06/2024;
o1cVBTlROWH0Qcw;User;si una clase implementa una interfaz y a la vez hereda de otra clase como se escribe?;18:51:30 - 25/06/2024;Conceptual Questions
o1cVBTlROWH0Qcw;semantic_search;;18:51:30 - 25/06/2024;
o1cVBTlROWH0Qcw;CharlieBOT;"En Java, si una clase implementa una interfaz y a la vez hereda de otra clase, se escribe de la siguiente manera: public class MiClase extends ClasePadre implements Interfaz {     // Cuerpo de la clase }  En este ejemplo, ""MiClase"" hereda de ""ClasePadre"" y a la vez implementa la interfaz ""Interfaz"". Es importante tener en cuenta que en Java, una clase puede heredar de una sola clase, pero puede implementar múltiples interfaces. Si tienes más preguntas sobre herencia, interfaces o cualquier otro tema relacionado con la programación en Java, no dudes en preguntar.";18:51:33 - 25/06/2024;
o1cVBTlROWH0Qcw;User;tipos de recursion;18:55:57 - 25/06/2024;Conceptual Questions
o1cVBTlROWH0Qcw;semantic_search;;18:55:57 - 25/06/2024;
o1cVBTlROWH0Qcw;CharlieBOT;En el contexto de la programación de sistemas, existen varios tipos de recursión. Los principales tipos de recursión son:  Recursión lineal: En la recursión lineal, cada llamada recursiva realiza al máximo una llamada adicional. La recursión lineal puede ser de dos tipos:  Recursión lineal por la cola: En este tipo de recursión, la llamada recursiva es la última operación que se realiza en la función. Esto permite que la recursión lineal por la cola se convierta de forma inmediata en iteración (bucle). Recursión lineal no por la cola: En este tipo de recursión, el cálculo es más costoso y no se puede convertir de forma inmediata en iteración.   Recursión no lineal: En la recursión no lineal, puede haber más de una llamada recursiva en alguna rama del proceso recursivo. La recursión no lineal puede ser de dos tipos:  Recursión mutua: En la recursión mutua, dos o más funciones se llaman entre sí de forma recursiva. Recursión múltiple: En la recursión múltiple, una función realiza más de una llamada recursiva en alguna rama del proceso recursivo.    Cada tipo de recursión tiene sus propias características y consideraciones. Es importante comprender estos tipos de recursión para diseñar algoritmos recursivos eficientes y comprender cómo convertir la recursión en iteración en algunos casos. Si necesitas más detalles sobre algún tipo de recursión en particular o tienes otras preguntas relacionadas con la programación de sistemas, no dudes en preguntar.;18:56:02 - 25/06/2024;
o1cVBTlROWH0Qcw;User;pruebas de aceptacion;19:01:57 - 25/06/2024;Conceptual Questions
o1cVBTlROWH0Qcw;semantic_search;;19:01:57 - 25/06/2024;
o1cVBTlROWH0Qcw;CharlieBOT;Lo siento, pero las pruebas de aceptación no son un tema relacionado con la programación de sistemas. Mi función es ayudar a los estudiantes universitarios con problemas relacionados con la programación de sistemas. Si necesitas información sobre las pruebas de aceptación u otros temas no relacionados con la programación de sistemas, te recomendaría que consultes fuentes especializadas en ese tema o visites el sitio web de la Universidad Carlos III de Madrid (UC3M) para obtener información específica.;19:02:00 - 25/06/2024;
o1cVBTlROWH0Qcw;User;arrayIndexOutOfBoundsException;09:39:45 - 26/06/2024;Debugging Help
o1cVBTlROWH0Qcw;semantic_search;;09:39:45 - 26/06/2024;
o1cVBTlROWH0Qcw;CharlieBOT;It looks like you're encountering an ArrayIndexOutOfBoundsException. This exception is thrown when you try to access an index in an array that doesn't exist.  To fix this issue, you should review the code where you are accessing the array and ensure that the index you are using is within the bounds of the array. Remember that array indices start at 0 and end at length-1. If you need further assistance, feel free to share the code snippet where the exception is being thrown, and I'd be happy to help you debug it.;09:39:48 - 26/06/2024;
o1cVBTlROWH0Qcw;User;NullPointerException;09:46:32 - 26/06/2024;Debugging Help
o1cVBTlROWH0Qcw;semantic_search;;09:46:32 - 26/06/2024;
o1cVBTlROWH0Qcw;CharlieBOT;It seems like you're dealing with a NullPointerException. This exception occurs when you try to access or modify an object reference that has a null value. To address this issue, you should carefully review the code and identify the variable or object reference that is null when it shouldn't be. Then, you can add proper null checks or ensure that the object is properly initialized before using it. If you'd like to share a code snippet where the NullPointerException is occurring, I'd be happy to provide more specific guidance on how to resolve it.;09:46:34 - 26/06/2024;
o1cVBTlROWH0Qcw;User;que quiere decir n--;10:00:22 - 26/06/2024;Conceptual Questions
o1cVBTlROWH0Qcw;semantic_search;;10:00:22 - 26/06/2024;
o1cVBTlROWH0Qcw;CharlieBOT;"n-- es un operador de decremento en Java. Esto significa que el valor de n se decrementará en 1. Es equivalente a n = n - 1. Por ejemplo: int n = 5; n--; // Después de esta operación, el valor de n será 4  Si tienes más preguntas sobre operadores en Java o cualquier otro tema relacionado con la programación de sistemas, no dudes en preguntar.";10:00:24 - 26/06/2024;
o1cVBTlROWH0Qcw;User;y ++m?;10:00:33 - 26/06/2024;Conceptual Questions
o1cVBTlROWH0Qcw;semantic_search;;10:00:33 - 26/06/2024;
o1cVBTlROWH0Qcw;CharlieBOT;"++m es un operador de incremento en Java. Esto significa que el valor de m se incrementará en 1. Es equivalente a m = m + 1. La diferencia entre m++ y ++m radica en el orden en que se realiza la operación de incremento. Con m++, primero se usa el valor actual de m en una expresión y luego se incrementa, mientras que con ++m, primero se incrementa el valor de m y luego se usa en la expresión. Por ejemplo: int m = 3; int resultado1 = m++; // resultado1 será 3, m será 4 después de esta operación int resultado2 = ++m; // resultado2 será 5, ya que m se incrementa a 5 antes de ser utilizado en la expresión  Si tienes más preguntas sobre operadores en Java o cualquier otro tema relacionado con la programación de sistemas, no dudes en preguntar.";10:00:38 - 26/06/2024;
o1cVBTlROWH0Qcw;User;como se cuantos swaps tiene que hacer cada algoritmo de ordanación para ordenar un array;10:45:34 - 26/06/2024;Conceptual Questions
o1cVBTlROWH0Qcw;semantic_search;;10:45:34 - 26/06/2024;
o1cVBTlROWH0Qcw;CharlieBOT;El número de intercambios (swaps) que un algoritmo de ordenación tiene que hacer para ordenar un array depende del algoritmo específico y de las características del array que se está ordenando. Por ejemplo, el algoritmo de ordenación de burbuja tiende a realizar más intercambios en comparación con algoritmos más eficientes como el quicksort o el mergesort. La cantidad de intercambios también puede depender del estado inicial del array. Por ejemplo, si el array ya está parcialmente ordenado, algunos algoritmos pueden requerir menos intercambios que si el array está completamente desordenado. En resumen, el número de intercambios necesarios para ordenar un array depende del algoritmo de ordenación utilizado y de las características del array en cuestión. Si necesitas ayuda con un algoritmo de ordenación específico o con el análisis del rendimiento de algoritmos de ordenación, no dudes en preguntar.;10:45:36 - 26/06/2024;
o1cVBTlROWH0Qcw;User;"¿Cuántas operaciones de intercambio de posiciones o ""swaps"" requeriría hacer el algoritmo QuickSort para ordenar el array {5,1,10,9,3} de forma ascendente?";10:46:19 - 26/06/2024;Conceptual Questions
o1cVBTlROWH0Qcw;semantic_search;;10:46:19 - 26/06/2024;
o1cVBTlROWH0Qcw;CharlieBOT;"Para determinar cuántos intercambios de posiciones o ""swaps"" requeriría el algoritmo QuickSort para ordenar el array {5,1,10,9,3} de forma ascendente, podemos seguir el proceso del algoritmo y contar los intercambios realizados. El algoritmo QuickSort elige un pivote y reordena la lista de forma que todos los datos menores que el pivote estén a la izquierda del pivote y los datos mayores a su derecha. Luego, ordena recursivamente las sublistas de los datos menores y mayores. Para el array {5,1,10,9,3}, el proceso de ordenación con QuickSort podría requerir los siguientes intercambios:  Se elige el pivote (por ejemplo, 5). Se reordena la lista de forma que los datos menores que el pivote estén a la izquierda y los mayores a la derecha. Podría requerir intercambios como {1,3,5,10,9}. Se ordenan recursivamente las sublistas de los datos menores y mayores.  El número exacto de intercambios puede variar dependiendo de la elección del pivote y del proceso de partición. Dado que el número exacto de intercambios puede depender de la implementación específica del algoritmo QuickSort y del estado inicial del array, es posible que se requieran varios intercambios para ordenar el array {5,1,10,9,3} de forma ascendente. Si tienes más preguntas sobre el algoritmo QuickSort o necesitas ayuda con otro tema relacionado con la programación de sistemas, no dudes en preguntar.";10:46:23 - 26/06/2024;
o1cVBTlROWH0Qcw;User;el pivote es 5;10:47:01 - 26/06/2024;Conceptual Questions
o1cVBTlROWH0Qcw;semantic_search;;10:47:01 - 26/06/2024;
o1cVBTlROWH0Qcw;CharlieBOT;Si el pivote es 5, el proceso de ordenación con el algoritmo QuickSort para el array {5,1,10,9,3} de forma ascendente podría requerir los siguientes intercambios:  El pivote es 5, por lo que se reordena la lista de forma que los datos menores que el pivote estén a la izquierda y los mayores a la derecha. Podría requerir intercambios como {1,3,5,10,9}.  En este caso, el proceso de ordenación con el pivote 5 requeriría un total de 3 intercambios para ordenar el array {5,1,10,9,3} de forma ascendente. Si necesitas más ayuda con este algoritmo o cualquier otro tema relacionado con la programación de sistemas, no dudes en preguntar.;10:47:04 - 26/06/2024;