Id;Role;Message;Datetime;Classification;Topic;Change
Yuuqza4zo1WAM4T;User;"public int leafs (BTree tree){
    try{
        int counter;
        if(tree.isEmpty()){
            counter=0;
        }else if(tree.getLeft().isEmpty()&&tree.getRight().isEmpty){
            //va a parar cuando no haya ni left tree ni right tree
            counter=1;
        }else{
            counter=leafs(tree.getRight())+leafs(tree.getLeft());
        }
        return counter; //se returnea debajo del try and catch
    }catch(BTreeException e){
        System.out.print(e);
    }
}
este codigo hace lo mismo que este
public int leafs (BTree tree){
    try{
        int counter;
        if(tree.isEmpty()){
            counter=0;
        }else if(tree.getLeft().isEmpty()&&tree.getRight().isEmpty){
            //va a parar cuando no haya ni left tree ni right tree
            counter=1;
        }else{
            counter=leafs(tree.getRight())+leafs(tree.getLeft());
        }
    }catch(BTreeException e){
        e.printStackTrace;
    }
    return counter; //se returnea debajo del try and catch
}";15:54:11 - 28/05/2024;Debugging Help;Data Structures;No
Yuuqza4zo1WAM4T;semantic_search;;15:54:11 - 28/05/2024;;;
Yuuqza4zo1WAM4T;CharlieBOT;"public int leafs (BTree<String> tree){
    try{
        int counter;
        if(tree.isEmpty()){
            counter=0;
        }else if(tree.getLeft().isEmpty()&&tree.getRight().isEmpty){
            counter=1;
        }else{
            counter=leafs(tree.getRight())+leafs(tree.getLeft());
        }
        return counter;
    }catch(BTreeException e){
        System.out.print(e);
    }
}

The first code snippet you provided is missing the return statement inside
the try block. In the second code snippet, the return statement is outside
the try block, which will cause a compilation error. The correct placement
of the return statement is inside the try block, as shown in the corrected
code above. Additionally, the catch block should include a proper error
handling mechanism, such as logging the exception or throwing a new
exception.";15:54:15 - 28/05/2024;;;
Yuuqza4zo1WAM4T;User;"public void change (BTree tree, String s1, String s2){
    try{
        if(tree.isEmpty()){
            tree=tree; si no hay que hacer nada cuando este vacio ponemos
            if(!tree.isEmpty())
        }else if(BTree.getInfo.equals(s1)){
            Btree.setInfo(s2);
        }else{
            tree=change(tree.getLeft())+change(tree.getRight());
        }
    }
}catch(BTreeException e){
    System.out. println(e);
}
esta este codigo bien para esto
Implement the recursive method public void change (BTree tree, String s1,
String s2) in class TreeMain, which given a tree (tree) of Strings (String)
and two Strings (s1 and s2), replaces every occurrence of String s1 with
String s2 in the tree. You must recursively traverse the tree searching for
the nodes whose field info is s1 and replace it with s2. (Note: remember
that you must handle the exceptions the methods in interface BTree might
throw).";16:28:11 - 28/05/2024;Debugging Help;Data Structures;No
Yuuqza4zo1WAM4T;semantic_search;;16:28:11 - 28/05/2024;;;
Yuuqza4zo1WAM4T;CharlieBOT;"public void change (BTree<String> tree, String s1, String s2){
    try{
        if(!tree.isEmpty()){
            if(tree.getInfo().equals(s1)){
                tree.setInfo(s2);
            }
            change(tree.getLeft(), s1, s2);
            change(tree.getRight(), s1, s2);
        }
    }catch(BTreeException e){
        System.out.println(e);
    }
}

The provided code has several issues. Here's the corrected version of the
code for the change method. This method recursively traverses the tree,
searches for nodes whose field info is equal to s1, and replaces it with s2.
The changes include using !tree.isEmpty() to check if the tree is not empty,
using tree.getInfo().equals(s1) to compare the info of the tree node with s1,
and calling change recursively on the left and right subtrees. Additionally,
the catch block includes proper error handling by printing the exception.";16:28:14 - 28/05/2024;;;
Yuuqza4zo1WAM4T;User;"if(tree.isEmpty()){
    tree=tree; si no hay que hacer nada cuando este vacio ponemos
    if(!tree.isEmpty())
}else this is not correct to check is the tree is empty??";16:33:41 - 28/05/2024;Student Correction;Data Structures;No
Yuuqza4zo1WAM4T;semantic_search;;16:33:41 - 28/05/2024;;;
Yuuqza4zo1WAM4T;CharlieBOT;"You are absolutely right, and I apologize for the confusion. The correct
way to check if the tree is empty is by using if(!tree.isEmpty()) as you
mentioned. Thank you for pointing that out. Here's the corrected code
snippet:

if(!tree.isEmpty()){
    // Rest of the code
}

Thank you for catching that mistake, and I appreciate your attention to
detail.";16:33:43 - 28/05/2024;;;
Yuuqza4zo1WAM4T;User;"if(tree.isEmpty()){
    tree=tree;
    if(!tree.isEmpty())
}else can we use this to check if th tree is empty";16:34:55 - 28/05/2024;Debugging Help;Data Structures;No
Yuuqza4zo1WAM4T;semantic_search;;16:34:55 - 28/05/2024;;;
Yuuqza4zo1WAM4T;CharlieBOT;"No, the expression tree=tree; inside the if(tree.isEmpty()) block does not
serve any purpose and does not check if the tree is empty. The correct way
to check if the tree is empty is by using if(!tree.isEmpty()).

So, the correct way to check if the tree is not empty is as follows:

if(!tree.isEmpty()){
    // Code to handle non-empty tree
}

Thank you for bringing this to my attention, and I appreciate your
diligence in clarifying this.";16:34:57 - 28/05/2024;;;
Yuuqza4zo1WAM4T;User;why it does not check if the tree is empty;16:35:38 - 28/05/2024;Debugging Help;Data Structures;No
Yuuqza4zo1WAM4T;semantic_search;;16:35:38 - 28/05/2024;;;
Yuuqza4zo1WAM4T;CharlieBOT;"I apologize for the confusion. It seems there was a misunderstanding. Let
me clarify:

The expression if(tree.isEmpty()) does indeed check if the tree is empty.
However, the subsequent statement tree=tree; inside the if block does not
serve any practical purpose and can be removed.

So, the corrected code to check if the tree is empty is as follows:

if(!tree.isEmpty()){
    // Code to handle non-empty tree
}

I hope this clears up any confusion. Thank you for your patience, and
please feel free to ask if you have any more questions.";16:35:40 - 28/05/2024;;;
Yuuqza4zo1WAM4T;User;"tree=change(tree.getLeft())+change(tree.getRight()); can I use this to give
the final tree";16:36:06 - 28/05/2024;Debugging Help;Data Structures;No
Yuuqza4zo1WAM4T;semantic_search;;16:36:06 - 28/05/2024;;;
Yuuqza4zo1WAM4T;CharlieBOT;"It seems like you are trying to update the tree based on the result of the
change method applied to the left and right subtrees. However, the code you
provided is not sufficient to determine if it will give the final tree, as
it depends on the implementation of the change method and the structure of
the tree.

In general, updating a tree based on the result of a method applied to its
subtrees is a valid approach, but it depends on the specific requirements
and the implementation of the change method.

If you have specific requirements or a more detailed explanation of what you
are trying to achieve, please feel free to provide more context or code, and
I'd be happy to help further.

Remember that working with trees often involves recursive operations, so
it's important to consider how the change method and tree structure interact
to ensure the desired result. If you have any more details or specific
questions, feel free to ask!";16:36:10 - 28/05/2024;;;
Yuuqza4zo1WAM4T;User;"public void change (BTree tree, String s1, String s2){
    try{
        if(tree.isEmpty()){
            tree=tree; si no hay que hacer nada cuando este vacio ponemos
            if(!tree.isEmpty())
        }else if(tree.getInfo.equals(s1)){
            tree.setInfo(s2);
        }else{
            tree=change(tree.getLeft())+change(tree.getRight());
        }
    }
}catch(BTreeException e){
    System.out. println(e);
}";16:37:00 - 28/05/2024;Debugging Help;Data Structures;No
Yuuqza4zo1WAM4T;semantic_search;;16:37:00 - 28/05/2024;;;
Yuuqza4zo1WAM4T;CharlieBOT;"It looks like you are attempting to implement a method change in a class
that operates on a binary tree (BTree<String>). However, there are a few
issues with the provided code:

1. The line tree=tree; inside the if(tree.isEmpty()) block does not serve
   any practical purpose and can be removed, as it does not change the state
   of the tree.
2. The line tree=change(tree.getLeft())+change(tree.getRight()); is
   attempting to assign the result of the change method to the tree
   variable, which is not valid because the change method returns void and
   not a BTree<String>.
3. The recursive calls to change(tree.getLeft()) and change(tree.getRight())
   are missing the required parameters s1 and s2 as defined in the method
   signature.

Based on the provided code, it seems like you are attempting to update the
tree based on the values s1 and s2. However, the implementation is not
correct. Here's a revised version of the change method based on the provided
code:

public void change(BTree<String> tree, String s1, String s2) {
    try {
        if (!tree.isEmpty()) {
            if (tree.getInfo().equals(s1)) {
                tree.setInfo(s2);
            } else {
                change(tree.getLeft(), s1, s2);
                change(tree.getRight(), s1, s2);
            }
        }
    } catch (BTreeException e) {
        System.out.println(e);
    }
}

In this revised version:
- We check if the tree is not empty before performing any operations.
- If the current node's value is equal to s1, we update it to s2.
- We then recursively call change on the left and right subtrees.

Please note that this is a basic revision based on the provided code.
Depending on the specific requirements and the structure of your BTree
class, further adjustments may be necessary. If you have any more questions
or need further assistance, feel free to ask!";16:37:07 - 28/05/2024;;;